"","...1","...2","ORGID","ORGTYPE","ORGNUMBER","SCHNUMBER","FORMID","GISNAME","MDENAME","ALTNAME","GISADDR","MDEADDR","PUBPRIV","LOCTYPE","GRADERANGE","CLASS","MAGNET","LOCDISTID","LOCDISTNAM","COUNTYCODE","COUNTYNAME","CREATEDT","UPDATEDT","FED_SCHNUM","WEB_URL","YEAR","geometry","within_1mile_pp","schools_in_ej","nearest_pp_id","nearest_pp_dist_m","nearest_pp_dist_mi","zip_code"
"1",1,1,1.0011e+10,"01","0011","000","0011-01","Anoka-Hennepin District Office","Anoka-Hennepin Public School District","Anoka-Hennepin","2727 N Ferry St, Anoka, MN 55303","2727 N Ferry St, Anoka, MN 55303-1698","Public","Head",NA,NA,"NO",1.0011e+10,"Anoka-Hennepin",27003,"Anoka",2012-09-12,2022-10-24,2703180,"https://www.ahschools.us/","SY2024-25","c(469270.1391","5006242.8678)",FALSE,FALSE,62061,7740.98463518815,"4.81003680713096,""55303"""
"2",2,2,1.0015e+10,"01","0015","000","0015-01","St. Francis District Office","St. Francis Area Schools","St. Francis","4115 Ambassador Blvd NW, Saint Francis, MN 55070","4115 Ambassador Blvd, Saint Francis, MN 55070-9668","Public","Head",NA,NA,"NO",1.0015e+10,"St. Francis",27003,"Anoka",2022-09-19,2023-06-23,2733540,"https://www.isd15.org/","SY2024-25","c(470850.4368","5027425.886)",FALSE,FALSE,64818,2307.75427371674,"1.43397558857466,""55070"""
"3",3,3,10196306000,"01","0196","306","0196-01-306","Northview Elementary School Readiness","Northview Elementary School Readiness",NA,"965 Diffley Rd, Eagan, MN 55123","965 Diffley Road, Eagan, MN 55123","Public","Member",NA,85,"NO",1.0196e+10,"Rosemount-Apple Valley-Eagan",27037,"Dakota",2018-10-01,2024-07-15,2732390,NA,"SY2024-25","c(489132.2821","4961325.6394)",FALSE,FALSE,55133,2349.26491830927,"1.45976917140522,""55123"""
"4",4,4,10196307000,"01","0196","307","0196-01-307","Westview Elementary School SR","Westview Elementary School SR",NA,"225 Garden View Dr, Apple Valley, MN 55124","225 Garden View Drive, Apple Valley, MN 55124","Public","Member",NA,85,"NO",1.0196e+10,"Rosemount-Apple Valley-Eagan",27037,"Dakota",2018-10-01,2022-09-19,2732390,"https://ce.district196.org/early-childhood","SY2024-25","c(481197.1578","4953922.5004)",FALSE,FALSE,1904,8099.67818317723,"5.03291919866357,""55124"""
"5",5,5,10196308000,"01","0196","308","0196-01-308","Southview Elementary School Readiness","Southview Elementary School Readiness",NA,"1025 Whitney Dr, Apple Valley, MN 55124","1025 Whitney Drive, Apple Valley, MN 55124","Public","Member",NA,85,"NO",1.0196e+10,"Rosemount-Apple Valley-Eagan",27037,"Dakota",2018-10-01,2022-08-02,2732390,NA,"SY2024-25","c(481022.6032","4952517.0925)",FALSE,FALSE,1904,9480.09212320925,"5.89067078629081,""55124"""
"6",6,6,10196313000,"01","0196","313","0196-01-313","Thomas Lake Elementary School Readiness","Thomas Lake Elementary School Readiness",NA,"4350 Thomas Lake Rd, Eagan, MN 55122","4350 Thomas Lake Road, Eagan, MN 55122","Public","Member",NA,85,"NO",1.0196e+10,"Rosemount-Apple Valley-Eagan",27037,"Dakota",2018-10-01,2024-05-31,2732390,"https://www.district196.org/academics/early-childhood","SY2024-25","c(486249.8882","4960541.1596)",FALSE,FALSE,55133,5186.69459781807,"3.22287061641299,""55122"""
"7",7,7,10196317000,"01","0196","317","0196-01-317","Woodland Elementary School Readiness","Woodland Elementary School Readiness",NA,"945 Wescott Rd, Eagan, MN 55123","945 Wescott Road, Eagan, MN 55123","Public","Member",NA,85,"NO",1.0196e+10,"Rosemount-Apple Valley-Eagan",27037,"Dakota",2018-10-01,2022-09-19,2732390,"https://www.district196.org/academics/early-childhood","SY2024-25","c(489282.3151","4963024.5005)",TRUE,FALSE,55133,1581.74457390364,"0.982852954567487,""55123"""
"8",8,8,10196318000,"01","0196","318","0196-01-318","Pinewood Elementary School Readiness","Pinewood Elementary School Readiness",NA,"4300 Dodd Rd, Eagan, MN 55123","4300 Dodd Road, Eagan, MN 55123","Public","Member",NA,85,"NO",1.0196e+10,"Rosemount-Apple Valley-Eagan",27037,"Dakota",2018-10-01,2024-07-15,2732390,NA,"SY2024-25","c(490834.7512","4960743.8615)",FALSE,FALSE,55133,2173.3535073591,"1.35046261657518,""55123"""
"9",9,9,10196320000,"01","0196","320","0196-01-320","Oak Ridge Elementary School Readiness","Oak Ridge Elementary School Readiness",NA,"4350 Johnny Cake Ridge Rd, Eagan, MN 55122","4350 Johnny Cake Ridge Road , Eagan, MN 55122","Public","Member",NA,85,"NO",1.0196e+10,"Rosemount-Apple Valley-Eagan",27037,"Dakota",2018-10-01,2022-05-10,2732390,"https://www.district196.org/academics/early-childhood","SY2024-25","c(485353.9649","4960612.0652)",FALSE,FALSE,1904,5305.43138745836,"3.29665042033279,""55122"""
"10",10,10,10196321000,"01","0196","321","0196-01-321","Dakota Valley Learning Center SR","Dakota Valley Learning Center SR",NA,"4679 144th St W, Apple Valley, MN 55124","4679 144th Street West, Apple Valley, MN 55124","Public","Member",NA,85,"NO",1.0196e+10,"Rosemount-Apple Valley-Eagan",27037,"Dakota",2018-10-01,2022-03-14,2732390,"https://www.district196.org/academics/early-childhood","SY2024-25","c(487304.4518","4954246.8224)",FALSE,FALSE,62740,8257.86783712677,"5.13121393684788,""55124"""
"11",11,11,1.0197e+10,"01","0197","000","0197-01","West St. Paul-Mendota Hts.-Eagan District Office","West St. Paul-Mendota Heights-Eagan","West St. Paul-Mendota Hts.-Eagan","1897 Delaware Ave, Mendota Heights, MN 55118","1897 Delaware Ave, Mendota Heights, MN 55118-4338","Public","Head",NA,NA,"NO",1.0197e+10,"West St. Paul-Mendota Hts.-Eagan",27037,"Dakota",2022-09-19,2024-07-10,2742270,"https://www.isd197.org/","SY2024-25","c(491480.6859","4970445.6645)",FALSE,FALSE,1912,4899.13999223244,"3.04419202420398,""55118"""
"12",12,12,10197824000,"01","0197","824","0197-01-824","West St. Paul-Mendota Hts.-Eagan School Readiness","West St. Paul-Mendota Hts.-Eagan School Readiness",NA,"1970 Christensen Ave, West Saint Paul, MN 55118","1970 Christensen Ave, West Saint Paul, MN 55118","Public","Member",NA,85,"NO",1.0197e+10,"West St. Paul-Mendota Hts.-Eagan",27037,"Dakota",2018-10-01,2023-06-22,2742270,"https://www.isd197.org/schools/early-childhood-education-2","SY2024-25","c(494709.7643","4970344.5199)",FALSE,TRUE,63178,3204.36007584287,"1.99110198953787,""55118"""
"13",13,13,1.027e+10,"01","0270","000","0270-01","Hopkins District Office","Hopkins Public School District","Hopkins","1001 Highway 7, Hopkins, MN 55305","1001 Highway 7, Hopkins, MN 55305","Public","Head",NA,NA,"NO",1.027e+10,"Hopkins",27053,"Hennepin",2022-09-19,2023-06-23,2714260,"https://www.hopkinsschools.org/","SY2024-25","c(467482.436","4975720.0787)",FALSE,FALSE,10013,11735.8577757462,"7.29234206304834,""55305"""
"14",14,14,10270572000,"01","0270","572","0270-01-572","Harley Hopkins Preschool - School Readiness","Harley Hopkins Preschool - School Readiness",NA,"125 Monroe Ave S, Hopkins, MN 55343","125 Monroe Avenue S, Hopkins, MN 55343","Public","Member",NA,85,"NO",1.027e+10,"Hopkins",27053,"Hennepin",2018-10-01,2022-09-19,2714260,NA,"SY2024-25","c(468781.9292","4974318.5901)",FALSE,TRUE,10013,11379.5534649448,"7.07094427836554,""55343"""
"15",15,15,10270575000,"01","0270","575","0270-01-575","Alice Smith Preschool - School Readiness","Alice Smith Preschool - School Readiness",NA,"801 Minnetonka Mills Rd, Hopkins, MN 55343","801 Minnetonka Mills Road, Hopkins, MN 55343","Public","Member",NA,85,"NO",1.027e+10,"Hopkins",27053,"Hennepin",2018-10-01,2022-02-15,2714260,NA,"SY2024-25","c(467602.1263","4975499.9997)",FALSE,FALSE,10013,11733.8509351588,"7.29109506702053,""55343"""
"16",16,16,10270576000,"01","0270","576","0270-01-576","Glen Lake Preschool - School Readiness","Glen Lake Preschool - School Readiness",NA,"4801 Woodridge Rd, Minnetonka, MN 55345","4801 Woodbridge Road, Minnetonka, MN 55345","Public","Member",NA,85,"NO",1.027e+10,"Hopkins",27053,"Hennepin",2018-10-01,2022-02-15,2714260,NA,"SY2024-25","c(463938.845","4973650.3067)",FALSE,FALSE,60919,13285.4776166592,"8.2552335843633,""55345"""
"17",17,17,10270577000,"01","0270","577","0270-01-577","Meadowbrook Preschool - School Readiness","Meadowbrook Preschool - School Readiness",NA,"5430 Glenwood Ave, Golden Valley, MN 55422","5430 Glenwood Avenue, Golden Valley, MN 55422","Public","Member",NA,85,"NO",1.027e+10,"Hopkins",27053,"Hennepin",2018-10-01,2022-10-31,2714260,NA,"SY2024-25","c(472431.0182","4980608.5592)",FALSE,FALSE,10013,5489.328143395,"3.41091885083016,""55422"""
"18",18,18,1.0271e+10,"01","0271","000","0271-01","Bloomington District Office","Bloomington Public Schools","Bloomington","1350 W 106th St, Bloomington, MN 55431","1350 W 106th St, Bloomington, MN 55431-4152","Public","Head",NA,NA,"NO",1.0271e+10,"Bloomington",27053,"Hennepin",2022-09-19,2024-05-30,2705790,"https://www.bloomington.k12.mn.us/","SY2024-25","c(476678.8949","4962167.789)",FALSE,FALSE,1904,3550.51965376961,"2.20619611379174,""55431"""
"19",19,19,10271918000,"01","0271","918","0271-01-918","Metro South Adult Basic Education","Metro South Adult Basic Education",NA,"2575 W 88th St, Bloomington, MN 55431","2575 W 88th St, Bloomington, MN 55431","Public","Member",NA,90,"NO",1.0271e+10,"Bloomington",27053,"Hennepin",2018-10-01,2024-07-10,2705790,"https://www.bloomington.k12.mn.us/","SY2024-25","c(475254.6495","4965651.4701)",FALSE,FALSE,1904,6187.99460209199,"3.84505114027613,""55431"""
"20",20,20,1.0272e+10,"01","0272","000","0272-01","Eden Prairie District Office","Eden Prairie Public School District","Eden Prairie","8100 School Rd, Eden Prairie, MN 55344","8100 School Rd, Eden Prairie, MN 55344","Public","Head",NA,NA,"NO",1.0272e+10,"Eden Prairie",27053,"Hennepin",2022-09-19,2022-11-17,2714220,"https://www.edenpr.org/","SY2024-25","c(462207.3513","4967008.3098)",FALSE,FALSE,60919,7311.2596996531,"4.54301744793089,""55344"""
"21",21,21,10272890000,"01","0272","890","0272-01-890","Eden Prairie ECFE","Eden Prairie ECFE",NA,"8040 Mitchell Rd, Eden Prairie, MN 55344","8040 Mitchell Rd, Eden Prairie, MN 55344","Public","Member",NA,84,"NO",1.0272e+10,"Eden Prairie",27053,"Hennepin",2018-10-01,2024-07-23,2714220,"https://www.edenpr.org/","SY2024-25","c(463412.5488","4967053.7537)",FALSE,FALSE,60919,6907.75965584951,"4.29229352147434,""55344"""
"22",22,22,1.0276e+10,"01","0276","000","0276-01","Minnetonka District Office","Minnetonka Public School District","Minnetonka","5621 County Road 101, Minnetonka, MN 55345","5621 County Rd 101, Minnetonka, MN 55345-4214","Public","Head",NA,NA,"NO",1.0276e+10,"Minnetonka",27053,"Hennepin",2022-09-19,2023-01-23,2711670,"https://www.minnetonkaschools.org/","SY2024-25","c(459767.1305","4972135.6079)",FALSE,FALSE,57119,11986.1514254081,"7.44786771310481,""55345"""
"23",23,23,10276901000,"01","0276","901","0276-01-901","ECFE","ECFE",NA,"4584 Vine Hill Rd, Excelsior, MN 55331","4584 Vine Hill Rd, Excelsior, MN 55331","Public","Member",NA,84,"NO",1.0276e+10,"Minnetonka",27053,"Hennepin",2022-10-10,2022-10-10,2711670,"https://www.minnetonkaschools.org/district/mcec/early-childhood/preschool","SY2024-25","c(458646.8998","4974365.4115)",FALSE,FALSE,57119,14035.3213403561,"8.7211660310165,""55331"""
"24",24,24,1.0277e+10,"01","0277","000","0277-01","Westonka District Office","Westonka Public School District","Westonka","5901 Sunnyfield Rd E, Minnetrista, MN 55364","5901 Sunnyfield Rd E, Minnetrista, MN 55364-8250","Public","Head",NA,NA,"NO",1.0277e+10,"Westonka",27053,"Hennepin",2022-09-19,2024-05-31,2722920,"https://www.westonka.k12.mn.us/","SY2024-25","c(447145.6859","4978196.5338)",FALSE,FALSE,60958,12672.3508211428,"7.87425330951992,""55364"""
"25",25,25,10277015000,"01","0277","015","0277-01-015","Westonka Community Preschool - EC","Westonka Community Preschool - EC Center",NA,"2450 Wilshire Blvd, Mound, MN 55364","2450 Wilshire Blvd, Mound, MN 55364","Public","Member",NA,85,"NO",1.0277e+10,"Westonka",27053,"Hennepin",2018-10-01,2024-09-03,2722920,"https://www.westonka.k12.mn.us/","SY2024-25","c(448139.3368","4975822.1962)",FALSE,FALSE,61500,13280.004159988,"8.25183252761258,""55364"""
"26",26,26,10277025000,"01","0277","025","0277-01-025","Westonka Community Preschool EL Ctr","Westonka Community Preschool Early Learning Center",NA,"5700 Game Farm Rd, Minnetrista, MN 55364","5700 Game Farm Road, Minnetrista, MN 55364","Public","Member",NA,85,"NO",1.0277e+10,"Westonka",27053,"Hennepin",2018-10-01,2024-05-31,2722920,"https://www.westonka.k12.mn.us/","SY2024-25","c(447178.1634","4977972.4745)",FALSE,FALSE,60958,12672.8946652871,"7.87459123944415,""55364"""
"27",27,27,1.0278e+10,"01","0278","000","0278-01","Orono District Office","Orono Public School District","Orono","685 Old Crystal Bay Rd N, Long Lake, MN 55356","685 Old Crystal Bay Rd N, Long Lake, MN 55356-8315","Public","Head",NA,NA,"NO",1.0278e+10,"Orono",27053,"Hennepin",2022-09-19,2024-05-30,2725080,"https://www.oronoschools.org/","SY2024-25","c(453080.159","4982098.5809)",FALSE,FALSE,61453,9526.90657453736,"5.91976001002732,""55356"""
"28",28,28,10278650000,"01","0278","650","0278-01-650","Orono ECFE","Orono ECFE",NA,"5050 Independence St, Maple Plain, MN 55359","5050 Independence Street , Maple Plain, MN 55359","Public","Member",NA,84,"NO",1.0278e+10,"Orono",27053,"Hennepin",2018-10-01,2024-08-13,2725080,"https://ce.oronoschools.org/early-learning/programs/ecfe-classes","SY2024-25","c(448594.5853","4984155.3605)",FALSE,FALSE,61453,6761.16728329273,"4.20120501776675,""55359"""
"29",29,29,10279997000,"01","0279","997","0279-01-997","Early Childhood Family Education (Osseo)","Early Childhood Family Education",NA,"9401 Fernbrook Ln, Maple Grove, MN 55369","9401 Fernbrook Ln, Maple Grove, MN 55369-9746","Public","Member",NA,84,"NO",1.0279e+10,"Osseo",27053,"Hennepin",2018-10-01,2024-08-21,2725200,"https://ce.district279.org/early-childhood/ecfe","SY2024-25","c(463626.962","4997062.8674)",FALSE,FALSE,62061,12173.3919807339,"7.56421388937943,""55369"""
"30",30,30,1.028e+10,"01","0280","000","0280-01","Richfield District Office","Richfield Public School District","Richfield","401 70th St W, Richfield, MN 55423","401 70th St W, Richfield, MN 55423-3000","Public","Head",NA,NA,"NO",1.028e+10,"Richfield",27053,"Hennepin",2022-09-19,2023-06-23,2731750,"https://www.richfieldschools.org/","SY2024-25","c(477467.4","4969217.6783)",FALSE,FALSE,59709,5961.95973744523,"3.70459923785231,""55423"""
"31",31,31,1.0281e+10,"01","0281","000","0281-01","Robbinsdale District Office","Robbinsdale Public School District","Robbinsdale","4148 Winnetka Ave N, New Hope, MN 55427","4148 Winnetka Ave N, New Hope, MN 55427-1288","Public","Head",NA,NA,"NO",1.0281e+10,"Robbinsdale",27053,"Hennepin",2022-09-19,2023-06-23,2731780,"https://www.rdale.org/","SY2024-25","c(470090.7443","4986606.3332)",FALSE,FALSE,1927,8331.48000263119,"5.17695452957808,""55427"""
"32",32,32,10281300000,"01","0281","300","0281-01-300","2/3 Day Preschool - NHLC","2/3 Day Preschool - NHLC",NA,"8301 47th Ave N, New Hope, MN 55428","8301 47th Ave N, New Hope, MN 55428","Public","Member",NA,85,"NO",1.0281e+10,"Robbinsdale",27053,"Hennepin",2018-10-01,2022-09-19,2731780,"https://www.rdale.org/","SY2024-25","c(469552.5162","4987401.729)",FALSE,FALSE,1927,9019.60104735968,"5.60453418628735,""55428"""
"33",33,33,10281304000,"01","0281","304","0281-01-304","ECFE Family Literacy","ECFE Family Literacy",NA,"305 Willow Bend, Crystal, MN 55428","305 Willow Bend, Crystal, MN 55428","Public","Member",NA,84,"NO",1.0281e+10,"Robbinsdale",27053,"Hennepin",2018-10-01,2022-09-19,2731780,"https://www.rdale.org/","SY2024-25","c(470954.9434","4988894.1593)",FALSE,FALSE,1927,8211.57097217568,"5.10244632717492,""55428"""
"34",34,34,10281312000,"01","0281","312","0281-01-312","Early Adventures - Neill","Early Adventures-Neill",NA,"6600 Medicine Lake Rd, Crystal, MN 55427","6600 Medicine Lake Rd, Crystal, MN 55427","Public","Member",NA,85,"NO",1.0281e+10,"Robbinsdale",27053,"Hennepin",2018-10-01,2022-05-03,2731780,NA,"SY2024-25","c(471322.3144","4983920.9995)",FALSE,FALSE,1927,7111.33286417368,"4.41878836303931,""55427"""
"35",35,35,1.0282e+10,"01","0282","000","0282-01","St. Anthony-New Brighton District Office","St. Anthony-New Brighton Schools","St. Anthony-New Brighton","3303 33rd Ave NE, Saint Anthony, MN 55418","3303 33rd Ave NE, Saint Anthony, MN 55418-9971","Public","Head",NA,NA,"NO",1.0282e+10,"St. Anthony-New Brighton",27053,"Hennepin",2022-09-19,2023-06-23,2733420,"https://www.isd282.org/","SY2024-25","c(483122.0298","4986170.0025)",FALSE,FALSE,1927,4900.81663662257,"3.04523384531707,""55418"""
"36",36,36,10282060000,"01","0282","060","0282-01-060","St. Anthony Community Srvs Prg ECFE","St. Anthony Community Services Program - ECFE",NA,"3301 Silver Lake Rd, Saint Anthony, MN 55418","3301 Silver Lake Rd, Saint Anthony, MN 55418","Public","Member",NA,84,"NO",1.0282e+10,"St. Anthony-New Brighton",27053,"Hennepin",2018-10-01,2022-06-17,2733420,"https://www.isd282.org/","SY2024-25","c(482882.331","4986252.7816)",FALSE,FALSE,1927,4682.83338942256,"2.90978499846059,""55418"""
"37",37,37,1.0283e+10,"01","0283","000","0283-01","St. Louis Park District Office","St. Louis Park Public School District","St. Louis Park","6300 Walker St, Saint Louis Park, MN 55416","6300 Walker St, Saint Louis Park, MN 55416","Public","Head",NA,NA,"NO",1.0283e+10,"St. Louis Park",27053,"Hennepin",2022-09-19,2024-05-29,2733780,"https://www.slpschools.org/","SY2024-25","c(471672.7017","4976302.3109)",FALSE,FALSE,10013,7877.78828081452,"4.8950428627975,""55416"""
"38",38,38,1.0621e+10,"01","0621","000","0621-01","Mounds View District Office","Mounds View Public School District","Mounds View","4570 Victoria St N, Shoreview, MN 55126","4570 Victoria St N, Shoreview, MN 55126-5800","Public","Head",NA,NA,"NO",1.0621e+10,"Mounds View",27123,"Ramsey",2022-09-19,2024-06-18,2722950,"https://www.moundsviewschools.org","SY2024-25","c(489403.0539","4991882.4898)",FALSE,FALSE,1927,12928.7140000448,"8.03355039957053,""55126"""
"39",39,39,10621003000,"01","0621","003","0621-01-003","Mounds View Early Childhood Family","Mounds View Early Childhood Family Education",NA,"2101 14th St NW, New Brighton, MN 55112","2101 14th St NW, New Brighton, MN 55112-1841","Public","Member",NA,84,"NO",1.0621e+10,"Mounds View",27123,"Ramsey",2018-10-01,2022-09-19,2722950,"https://www.moundsviewschools.org/earlychildhood","SY2024-25","c(483033.4375","4990887.2321)",FALSE,FALSE,1927,7360.53522723855,"4.57363591735653,""55112"""
"40",40,40,1.0622e+10,"01","0622","000","0622-01","North St. Paul-Maplewood Oakdale District Office","North St. Paul-Maplewood Oakdale Public School District","North St. Paul-Maplewood Oakdale","2520 12th Ave E, North Saint Paul, MN 55109","2520 12th Ave E, North Saint Paul, MN 55109-2420","Public","Head",NA,NA,"NO",1.0622e+10,"North St. Paul-Maplewood Oakdale",27123,"Ramsey",2022-09-19,2024-05-29,2723850,"http://www.isd622.org/","SY2024-25","c(500381.4612","4984739.7391)",FALSE,TRUE,55824,11182.9695385959,"6.94879238606878,""55109"""
"41",41,41,10622006000,"01","0622","006","0622-01-006","Early Childhood Family Education","Early Childhood Family Education (ECFE)",NA,"1945 Manton St, Maplewood, MN 55109","1945 Manton Street, Maplewood, MN 55109","Public","Member",NA,84,"NO",1.0622e+10,"North St. Paul-Maplewood Oakdale",27123,"Ramsey",2018-10-01,2022-09-19,2723850,"http://isd622.org","SY2024-25","c(496874.5163","4982973.9747)",FALSE,TRUE,55824,7388.67908794856,"4.5911237451058,""55109"""
"42",42,42,1.0623e+10,"01","0623","000","0623-01","Roseville District Office","Roseville Public School District","Roseville","1251 County Road B2 W, Roseville, MN 55113","1251 County Road B2 West, Roseville, MN 55113-3205","Public","Head",NA,NA,"NO",1.0623e+10,"Roseville",27123,"Ramsey",2022-09-19,2023-06-23,2732430,"http://www.isd623.org","SY2024-25","c(487956.2413","4984575.0717)",FALSE,FALSE,55824,7778.76219640939,"4.83351075373096,""55113"""
"43",43,43,10623100000,"01","0623","100","0623-01-100","Parkview PreK","Parkview PreK",NA,"701 County Road B W, Roseville, MN 55113","701 County Road B W, Roseville, MN 55113","Public","Member",NA,85,"NO",1.0623e+10,"Roseville",27123,"Ramsey",2018-10-01,2022-09-19,2732430,NA,"SY2024-25","c(489778.6967","4983850.3398)",FALSE,FALSE,55824,6397.8274930957,"3.97543557799825,""55113"""
"44",44,44,10623102000,"01","0623","102","0623-01-102","Brimhall PreK","Brimhall PreK",NA,"1744 County Road B W, Roseville, MN 55113","1744 County Road B West, Roseville, MN 55113","Public","Member",NA,85,"NO",1.0623e+10,"Roseville",27123,"Ramsey",2018-10-01,2024-05-28,2732430,NA,"SY2024-25","c(486325.814","4983555.0649)",FALSE,FALSE,59197,6079.30609038239,"3.77751506231274,""55113"""
"45",45,45,10623104000,"01","0623","104","0623-01-104","Emmet D Williams PreK","Emmet D Williams PreK",NA,"955 County Road D W, Shoreview, MN 55126","955 County Road D West, Shoreview, MN 55126","Public","Member",NA,85,"NO",1.0623e+10,"Roseville",27123,"Ramsey",2018-10-01,2022-09-16,2732430,NA,"SY2024-25","c(488943.4048","4987012.6059)",FALSE,FALSE,55824,9666.75800311307,"6.00665987492579,""55126"""
"46",46,46,10623106000,"01","0623","106","0623-01-106","Central Park PreK","Central Park PreK",NA,"535 County Road B2 W, Roseville, MN 55113","535 County Road B-2 West, Roseville, MN 55113","Public","Member",NA,85,"NO",1.0623e+10,"Roseville",27123,"Ramsey",2018-10-01,2023-01-23,2732430,NA,"SY2024-25","c(490328.1744","4984522.0499)",FALSE,FALSE,55824,6915.79466124395,"4.29728625476528,""55113"""
"47",47,47,10623107000,"01","0623","107","0623-01-107","Fairview PreK","Fairview PreK",NA,"1910 County Road B W, Roseville, MN 55113","1910 County Road B West, Roseville, MN 55113","Public","Member",NA,85,"NO",1.0623e+10,"Roseville",27123,"Ramsey",2018-10-01,2024-05-28,2732430,NA,"SY2024-25","c(485753.0903","4983572.573)",FALSE,FALSE,59197,5594.86650303607,"3.47649751018186,""55113"""
"48",48,48,10623108000,"01","0623","108","0623-01-108","Harambee PreK","Harambee PreK",NA,"30 County Road B E, Maplewood, MN 55117","30 County Road B East, Maplewood, MN 55117","Public","Member",NA,85,"NO",1.0623e+10,"Roseville",27123,"Ramsey",2018-10-01,2022-03-23,2732430,NA,"SY2024-25","c(492089.9782","4983498.9019)",FALSE,TRUE,55824,5778.3896545805,"3.59053379309562,""55117"""
"49",49,49,1.0624e+10,"01","0624","000","0624-01","White Bear Lake District Office","White Bear Lake School District","White Bear Lake","4855 Bloom Ave, White Bear Lake, MN 55110","4855 Bloom Ave, White Bear Lake, MN 55110-2731","Public","Head",NA,NA,"NO",1.0624e+10,"White Bear Lake",27123,"Ramsey",2022-09-19,2023-06-23,2742360,"http://www.isd624.org","SY2024-25","c(498978.6268","4992781.6044)",FALSE,FALSE,63576,12092.5729424623,"7.51399514239518,""55110"""
"50",50,50,10624040000,"01","0624","040","0624-01-040","White Bear Lake Area Preschool","White Bear Lake Area Preschool",NA,"2482 County Road F E, White Bear Lake, MN 55110","2482 County Road F East, White Bear Lake, MN 55110-7404","Public","Member",NA,85,"NO",1.0624e+10,"White Bear Lake",27123,"Ramsey",2018-10-01,2022-03-21,2742360,"http://www.isd624.org","SY2024-25","c(500333.4067","4989998.5438)",FALSE,FALSE,63576,14399.8940733017,"8.94770158779484,""55110"""
"51",51,51,1.0625e+10,"01","0625","000","0625-01","Saint Paul District Office","Saint Paul Public Schools","Saint Paul","360 Colborne St, Saint Paul, MN 55102","360 Colborne St, Saint Paul, MN 55102-3299","Public","Head",NA,NA,"NO",1.0625e+10,"Saint Paul",27123,"Ramsey",2022-09-19,2024-05-29,2733840,"http://www.spps.org/","SY2024-25","c(490594.9171","4975215.0845)",TRUE,FALSE,1912,603.14437608958,"0.374777471565723,""55102"""
"52",52,52,10625017000,"01","0625","017","0625-01-017","School Readiness","School Readiness",NA,"1845 Sheridan Ave W, Saint Paul, MN 55116","1845 Sheridan Avenue, Saint Paul, MN 55116","Public","Member",NA,85,"NO",1.0625e+10,"Saint Paul",27123,"Ramsey",2018-10-01,2022-12-06,2733840,NA,"SY2024-25","c(485884.3793","4972084.2046)",FALSE,FALSE,57069,2216.84154574151,"1.37748489799639,""55116"""
"53",53,53,10625018000,"01","0625","018","0625-01-018","Early Childhood Family Education","Early Childhood Family Education",NA,"1599 Englewood Ave, Saint Paul, MN 55104","1599 Englewood Ave, Saint Paul, MN 55104","Public","Member",NA,84,"NO",1.0625e+10,"Saint Paul",27123,"Ramsey",2018-10-01,2022-09-19,2733840,NA,"SY2024-25","c(486752.6259","4979030.5012)",FALSE,TRUE,55824,5078.1088996419,"3.15539842397622,""55104"""
"54",54,54,10625065000,"01","0625","065","0625-01-065","Central Service Facilities","Central Service Facilities",NA,"1930 Como Ave, Saint Paul, MN 55108","1930 Como Ave, Saint Paul, MN 55108-2778","Public","Member",NA,90,"NO",1.0625e+10,"Saint Paul",27123,"Ramsey",2018-10-01,2022-12-06,2733840,NA,"SY2024-25","c(485590.4671","4980228.2911)",FALSE,FALSE,59197,4594.12339377287,"2.85466302569555,""55108"""
"55",55,55,10625765000,"01","0625","765","0625-01-765","Media Services","Media Services",NA,"600 Weir Dr, Woodbury, MN 55125","600 Weir Dr, Woodbury, MN 55125","Public","Member",NA,90,"NO",1.0833e+10,"South Washington County",27163,"Washington",2018-10-01,2022-09-19,2733840,"http://www.spps.org","SY2024-25","c(502211.8133","4976046.5661)",FALSE,FALSE,63231,6220.17646771018,"3.86504807418581,""55125"""
"56",56,56,1.0832e+10,"01","0832","000","0832-01","Mahtomedi District Office","Mahtomedi Public School District","Mahtomedi","1520 Mahtomedi Ave, Mahtomedi, MN 55115","1520 Mahtomedi Ave, Mahtomedi, MN 55115-1907","Public","Head",NA,NA,"NO",1.0832e+10,"Mahtomedi",27163,"Washington",2022-09-19,2023-06-23,2718750,"https://www.mahtomedi.k12.mn.us/","SY2024-25","c(503449.4851","4991063.0488)",FALSE,FALSE,63576,13045.3637892835,"8.1060333983394,""55115"""
"57",57,57,10833143000,"01","0833","143","0833-01-143","Red Rock Elementary School Readiness","Red Rock Elementary School Readiness",NA,"3311 Commonwealth Ave, Woodbury, MN 55125","3311 Commonwealth Ave, Woodbury, MN 55125","Public","Member",NA,85,"NO",1.0833e+10,"South Washington County",27163,"Washington",2018-10-01,2022-06-01,2733810,"http://www.sowashco.org","SY2024-25","c(504219.1586","4971763.002)",FALSE,FALSE,63231,2538.06282833285,"1.57708304543033,""55125"""
"58",58,58,10833145000,"01","0833","145","0833-01-145","Bailey Elementary School Readiness","Bailey Elementary School Readiness",NA,"4125 Woodlane Dr, Woodbury, MN 55129","4125 Woodlane Dr, Woodbury, MN 55129","Public","Member",NA,85,"NO",1.0833e+10,"South Washington County",27163,"Washington",2018-10-01,2024-05-31,2733810,"http://www.sowashco.org","SY2024-25","c(502958.1166","4970667.0894)",TRUE,FALSE,63231,918.152541398715,"0.570514957310894,""55129"""
"59",59,59,10833146000,"01","0833","146","0833-01-146","Woodbury Elementary School Readiness","Woodbury Elementary School Readiness",NA,"1251 School Dr, Woodbury, MN 55125","1251 School Drive, Woodbury, MN 55125","Public","Member",NA,85,"NO",1.0833e+10,"South Washington County",27163,"Washington",2018-10-01,2022-08-18,2733810,"http://www.sowashco.org","SY2024-25","c(502073.5649","4975206.0012)",FALSE,FALSE,63231,5392.07854156313,"3.35049059960178,""55125"""
"60",60,60,10833147000,"01","0833","147","0833-01-147","Royal Oaks Elementary School Readiness","Royal Oaks Elementary School Readiness",NA,"7335 Steepleview Rd, Woodbury, MN 55125","7335 Steepleview Rd, Woodbury, MN 55125","Public","Member",NA,85,"NO",1.0833e+10,"South Washington County",27163,"Washington",2018-10-01,2022-09-19,2733810,"http://www.sowashco.org","SY2024-25","c(503326.9399","4973983.5002)",FALSE,FALSE,63231,4216.07537539273,"2.61975429392964,""55125"""
"61",61,61,10833148000,"01","0833","148","0833-01-148","Middleton Elementary School Readiness","Middleton Elementary School Readiness",NA,"9105 Lake Rd, Woodbury, MN 55125","9105 Lake Road, Woodbury, MN 55125","Public","Member",NA,85,"NO",1.0833e+10,"South Washington County",27163,"Washington",2018-10-01,2022-04-18,2733810,"http://sowashco.org","SY2024-25","c(506177.9537","4972291.544)",FALSE,FALSE,63231,4366.68052156451,"2.71333622575994,""55125"""
"62",62,62,10833175000,"01","0833","175","0833-01-175","Valley Crossing Com Sch Readiness","Valley Crossing Community School Readiness",NA,"9900 Park Crossing, Woodbury, MN 55125","9900 Park Crossing, Woodbury, MN 55125","Public","Member",NA,85,"NO",1.0833e+10,"South Washington County",27163,"Washington",2018-10-01,2022-09-19,2733810,"http://www.sowashco.org","SY2024-25","c(507412.0533","4973693.1513)",FALSE,FALSE,66977,4849.1909468321,"3.01315504917053,""55125"""
"63",63,63,10833180000,"01","0833","180","0833-01-180","Central Park School Readiness","Central Park School Readiness",NA,"8595 Central Park Pl, Woodbury, MN 55125","8595 Central Park Pl, Woodbury, MN 55125","Public","Member",NA,85,"NO",1.0833e+10,"South Washington County",27163,"Washington",2018-10-01,2022-09-19,2733810,"http://www.sowashco.org","SY2024-25","c(505355.3832","4973697.1273)",FALSE,FALSE,63231,4762.42767170809,"2.95924271546602,""55125"""
"64",64,64,3.0001e+10,"03","0001","000","0001-03","Minneapolis District Office","Minneapolis Public School District","Minneapolis","1250 W Broadway Ave, Minneapolis, MN 55411","1250 W Broadway Ave, Minneapolis, MN 55411-2533","Public","Head",NA,NA,"NO",3.0001e+10,"Minneapolis",27053,"Hennepin",2022-09-19,2023-06-23,2721240,"https://www.mpschools.org/","SY2024-25","c(476639.8582","4982988.2371)",FALSE,TRUE,10013,2239.64092069276,"1.39165180800375,""55411"""
"65",65,65,30001857000,"03","0001","857","0001-03-857","Early Childhood Family Education","Early Childhood Family Education",NA,"2410 Girard Ave N, Minneapolis, MN 55411","2410 Girard Ave North, Minneapolis, MN 55411","Public","Member",NA,84,"NO",3.0001e+10,"Minneapolis",27053,"Hennepin",2018-10-01,2022-04-28,2721240,"http://mpls.k12.mn.us","SY2024-25","c(476574.9303","4983487.4194)",FALSE,TRUE,1927,2467.7013990199,"1.53336237154355,""55411"""
"66",66,66,4.0011e+10,"04","0011","000","0011-04","Anoka Technical College","Anoka Technical College",NA,"1355 W Highway 10, Anoka, MN 55303","1355 W Highway 10, Anoka, MN 55303","Public","Head",NA,NA,"NO",1.0011e+10,"Anoka-Hennepin",27003,"Anoka",2007-10-26,2022-02-24,NA,"http://www.anokatech.edu","SY2024-25","c(467294.1334","5007095.5416)",FALSE,FALSE,62061,5589.70981182532,"3.47329328285217,""55303"""
"67",67,67,6.0916e+10,"06","0916","000","0916-06","Northeast Metro 916","Northeast Metro 916",NA,"2540 County Road F E, White Bear Lake, MN 55110","2540 E County Rd F, White Bear Lake, MN 55110-1894","Public","Head",NA,NA,"NO",1.0624e+10,"White Bear Lake",27123,"Ramsey",2008-04-01,2022-09-19,2702264,"http://www.nemetro.k12.mn.us","SY2024-25","c(500562.9267","4990047.0782)",FALSE,FALSE,63576,14307.9697408528,"8.89058231377632,""55110"""
"68",68,68,2.10011e+11,"21","0011","000","0011-21","Normandale Community College","Normandale Community College",NA,"9700 France Ave S, Bloomington, MN 55431","9700 France Avenue South, Bloomington, MN 55431","Public","Head",NA,NA,"NO",1.0271e+10,"Bloomington",27053,"Hennepin",2007-10-25,2022-05-06,NA,"http://www.normandale.edu","SY2024-25","c(473886.3812","4964095.0546)",FALSE,FALSE,1904,6686.0448921168,"4.15452601197808,""55431"""
"69",69,69,2.10025e+11,"21","0025","000","0025-21","Red Lake Nation College - Minneapolis","Red Lake Nation College - Minneapolis",NA,"900 S 3rd St, Minneapolis, MN 55415","900 S 3rd St, Minneapolis, MN 55415","Public","Head",NA,NA,"NO",3.0001e+10,"Minneapolis",27053,"Hennepin",2024-05-28,2024-05-28,NA,"https://www.rlnc.edu/","SY2024-25","c(479790.5122","4980277.303)",TRUE,FALSE,57665,762.816611223773,"0.473993445278047,""55415"""
"70",70,70,2.20007e+11,"22","0007","000","0007-22","Metropolitan State University","Metropolitan State University",NA,"700 E 7th St, Saint Paul, MN 55106","700 East 7th Street, Saint Paul, MN 55106-5000","Public","Head",NA,NA,"NO",1.0625e+10,"Saint Paul",27123,"Ramsey",2007-10-25,2022-03-14,NA,"http://www.metrostate.edu","SY2024-25","c(494141.8418","4978171.9886)",FALSE,TRUE,56643,2352.52691541462,"1.46179608747351,""55106"""
"71",71,71,2.20008e+11,"22","0008","000","0008-22","Minnesota Association of Colleges for Teacher Ed","Minnesota Association of Colleges for Teacher Education",NA,"2211 Riverside Ave, Minneapolis, MN 55454","2211 Riverside Ave, Minneapolis, MN 55454","Public","Head",NA,NA,"NO",3.0001e+10,"Minneapolis",27053,"Hennepin",2007-10-25,2024-05-30,NA,"https://mnacte.starchapter.com/","SY2024-25","c(480950.8572","4979286.8567)",TRUE,TRUE,59197,1317.11140022115,"0.818417115228077,""55454"""
"72",72,72,2.30001e+11,"23","0001","000","0001-23","University of Minnesota Twin Cities","University of Minnesota Twin Cities",NA,"159 Pillsbury Ave SE, Minneapolis, MN 55455","159 Pillsbury Ave SE, Minneapolis, MN 55455","Public","Head",NA,NA,"NO",3.0001e+10,"Minneapolis",27053,"Hennepin",2007-10-25,2023-10-24,NA,"http://www.umn.edu/twincities","SY2024-25","c(481312.684","4980639.2012)",TRUE,TRUE,59197,303.289927295741,"0.188456092122076,""55455"""
"73",73,73,2.30002e+11,"23","0002","000","0002-23","University of Minnesota - St. Paul Campus","University of Minnesota - St. Paul Campus",NA,"1420 Eckles Ave, Saint Paul, MN 55108","1420 Eckles Ave, Saint Paul, MN 55108","Public","Head",NA,NA,"NO",1.0623e+10,"Roseville",27123,"Ramsey",2007-10-25,2023-10-24,NA,NA,"SY2024-25","c(485392.8705","4981172.4465)",FALSE,FALSE,59197,4418.16307833853,"2.74532608295235,""55108"""
"74",74,74,2.30007e+11,"23","0007","000","0007-23","U of M Extension","U of M - Extension",NA,"315 Pillsbury Dr SE, Minneapolis, MN 55455",", , MN 00000","Public","Head",NA,NA,"NO",3.0001e+10,"Minneapolis",27053,"Hennepin",2007-10-25,2022-09-19,NA,NA,"SY2024-25","c(481578.5379","4980438.5408)",TRUE,TRUE,59197,590.174572298096,"0.366718389089997,""55455"""
"75",75,75,2.40002e+11,"24","0002","000","0002-24","Bethel University","Bethel University",NA,"3900 Bethel Drive, Saint Paul, MN 55112","3900 Bethel Drive, Saint Paul, MN 55112","Private or Nonpublic","Head",NA,NA,"NO",1.0621e+10,"Mounds View",27123,"Ramsey",2007-10-25,2022-02-28,NA,"http://www.bethel.edu","SY2024-25","c(487397.231","4989443.5806)",FALSE,FALSE,1927,10011.5749203613,"6.22091970643947,""55112"""
"76",76,76,2.40005e+11,"24","0005","000","0005-24","St. Catherine University","St. Catherine University",NA,"2004 Randolph Ave, Saint Paul, MN 55105","2004 Randolph Avenue, Saint Paul, MN 55105","Private or Nonpublic","Head",NA,NA,"NO",1.0625e+10,"Saint Paul",27123,"Ramsey",2007-10-25,2022-06-17,NA,"http://www.stkate.edu","SY2024-25","c(485402.5592","4974816.1543)",FALSE,FALSE,57069,1672.22338212235,"1.03907401923916,""55105"""
"77",77,77,2.40008e+11,"24","0008","000","0008-24","University of St. Thomas","University of St. Thomas",NA,"2115 Summit Ave, Saint Paul, MN 55105","2115 Summit Avenue, Saint Paul, MN 55105-1096","Private or Nonpublic","Head",NA,NA,"NO",1.0625e+10,"Saint Paul",27123,"Ramsey",2007-10-25,2022-09-19,NA,"http://www.stthomas.edu","SY2024-25","c(484939.292","4976550.5471)",FALSE,TRUE,57069,3033.28176077763,"1.88479858872434,""55105"""
"78",78,78,2.4001e+11,"24","0010","000","0010-24","Concordia University-St. Paul","Concordia University-St. Paul",NA,"275 Syndicate St N, Saint Paul, MN 55104","275 Syndicate Street North, Saint Paul, MN 55104-5494","Private or Nonpublic","Head",NA,NA,"NO",1.0625e+10,"Saint Paul",27123,"Ramsey",2007-10-25,2022-03-11,NA,"http://www.csp.edu","SY2024-25","c(487759.5136","4977287.9486)",FALSE,TRUE,55824,3929.19920660643,"2.44149726385129,""55104"""
"79",79,79,2.40012e+11,"24","0012","000","0012-24","Hamline University","Hamline University",NA,"1536 Hewitt Avenue, Saint Paul, MN 55104","1536 Hewitt Avenue, Saint Paul, MN 55104","Private or Nonpublic","Head",NA,NA,"NO",1.0625e+10,"Saint Paul",27123,"Ramsey",2008-04-01,2022-03-23,NA,"http://www.hamline.edu","SY2024-25","c(486956.8592","4979265.834)",FALSE,TRUE,55824,4948.50206338244,"3.07486426944116,""55104"""
"80",80,80,2.40013e+11,"24","0013","000","0013-24","Macalester College","Macalester College",NA,"1600 Grand Ave, Saint Paul, MN 55105","1600 Grand Avenue, Saint Paul, MN 55105","Private or Nonpublic","Head",NA,NA,"NO",1.0625e+10,"Saint Paul",27123,"Ramsey",2007-10-25,2022-04-25,NA,"http://www.macalester.edu","SY2024-25","c(486770.2171","4976240.7598)",FALSE,FALSE,57069,3646.97671956739,"2.26613190473572,""55105"""
"81",81,81,2.40014e+11,"24","0014","000","0014-24","Minneapolis College of Art and Design","Minneapolis College of Art and Design",NA,"2501 Stevens Ave S, Minneapolis, MN 55404","2501 Stevens Ave, Minneapolis, MN 55404","Private or Nonpublic","Head",NA,NA,"NO",3.0001e+10,"Minneapolis",27053,"Hennepin",2007-10-25,2023-10-24,NA,"https://www.mcad.edu/","SY2024-25","c(478318.9648","4978197.1991)",FALSE,TRUE,10013,2966.70158438202,"1.84342748231078,""55404"""
"82",82,82,2.40018e+11,"24","0018","000","0018-24","University of Northwestern - St. Paul","University of Northwestern - St. Paul",NA,"3003 Snelling Ave N, Roseville, MN 55113","3003 Snelling Avenue North, Roseville, MN 55113-1598","Private or Nonpublic","Head",NA,NA,"NO",1.0621e+10,"Mounds View",27123,"Ramsey",2007-10-25,2022-05-11,NA,"http://www.unwsp.edu","SY2024-25","c(486616.6714","4987286.747)",FALSE,FALSE,1927,8554.73703913588,"5.31568036532732,""55113"""
"83",83,83,2.40025e+11,"24","0025","000","0025-24","Apostolic Bible Institute","Apostolic Bible Institute",NA,"6944 Hudson Blvd N, Oakdale, MN 55128","6944 Hudson Blvd N, Oakdale, MN 55128","Private or Nonpublic","Head",NA,NA,"NO",1.0622e+10,"North St. Paul-Maplewood Oakdale",27163,"Washington",2007-10-25,2024-09-10,NA,"https://myabi.org/","SY2024-25","c(502706.5356","4977341.2745)",FALSE,FALSE,63231,7506.05147692662,"4.66405574765222,""55128"""
"84",84,84,2.40026e+11,"24","0026","000","0026-24","Luther Seminary","Luther Seminary",NA,"2481 Como Ave, Saint Paul, MN 55108","2481 Como Ave, Saint Paul, MN 55108","Private or Nonpublic","Head",NA,NA,"NO",1.0625e+10,"Saint Paul",27123,"Ramsey",2008-04-01,2024-05-31,NA,"https://www.luthersem.edu/","SY2024-25","c(484387.5687","4981508.606)",FALSE,FALSE,59197,3495.42171772077,"2.17195975848532,""55108"""
"85",85,85,2.40029e+11,"24","0029","000","0029-24","Saint Paul Seminary","Saint Paul Seminary",NA,"2260 Summit Ave, Saint Paul, MN 55105","2260 Summit Ave, Saint Paul, MN 55105","Private or Nonpublic","Head",NA,NA,"NO",1.0625e+10,"Saint Paul",27123,"Ramsey",2007-10-25,2023-10-24,NA,"https://saintpaulseminary.org/","SY2024-25","c(484644.4946","4976295.7079)",FALSE,FALSE,57069,2728.72911734369,"1.69555787921986,""55105"""
"86",86,86,2.4003e+11,"24","0030","000","0030-24","United Theological Seminary","United Theological Seminary of the Twin Cities",NA,"767 Eustis St, Saint Paul, MN 55114","767 Eustis St, Saint Paul, MN 55114","Private or Nonpublic","Head",NA,NA,"NO",1.0625e+10,"Saint Paul",27123,"Ramsey",2007-10-25,2022-04-26,NA,"https://www.unitedseminary.edu/","SY2024-25","c(483902.6468","4978853.7547)",FALSE,TRUE,59197,3378.81736216912,"2.09950499097091,""55114"""
"87",87,87,2.40051e+11,"24","0051","000","0051-24","Dunwoody College of Technology","Dunwoody College of Technology",NA,"818 Dunwoody Blvd, Minneapolis, MN 55403","818 Dunwoody Boulevard, Minneapolis, MN 55403","Private or Nonpublic","Head",NA,NA,"NO",3.0001e+10,"Minneapolis",27053,"Hennepin",2007-10-26,2024-05-31,NA,"http://www.dunwoody.edu","SY2024-25","c(477107.9211","4979976.2365)",TRUE,FALSE,10013,1399.64344415359,"0.869700277227675,""55403"""
"88",88,88,2.40053e+11,"24","0053","000","0053-24","Takoda Institute of Higher Education","Takoda Institute of Higher Education",NA,"1845 E Franklin Ave, Minneapolis, MN 55404","1845 E Franklin Ave, Minneapolis, MN 55404","Private or Nonpublic","Head",NA,NA,"NO",3.0001e+10,"Minneapolis",27053,"Hennepin",2007-10-25,2023-10-24,NA,"https://www.aioic.org/","SY2024-25","c(480592.7945","4978757.916)",FALSE,TRUE,57665,1881.5809108431,"1.16916307979861,""55404"""
"89",89,89,2.40055e+11,"24","0055","000","0055-24","Summit Academy OIC","Summit Academy Opportunities Industrialization Center",NA,"935 Olson Memorial Highway, Minneapolis, MN 55405","935 Olson Memorial Highway, Minneapolis, MN 55405","Private or Nonpublic","Head",NA,NA,"NO",3.0001e+10,"Minneapolis",27053,"Hennepin",2007-10-26,2022-07-11,NA,"https://saoic.org/","SY2024-25","c(476923.1205","4981167.5355)",TRUE,TRUE,10013,972.666870802893,"0.604388675359398,""55405"""
"90",90,90,2.40056e+11,"24","0056","000","0056-24","Crown College","Crown College",NA,"8700 College View Dr, Saint Bonifacius, MN 55375","8700 College View Drive, Saint Bonifacius, MN 55375-9001","Private or Nonpublic","Head",NA,NA,"NO",1.011e+10,"Waconia",27019,"Carver",2007-10-25,2022-03-14,NA,"http://www.crown.edu","SY2024-25","c(441347.7145","4970443.5496)",FALSE,FALSE,61500,4711.51689144022,"2.927608144606,""55375"""
"91",91,91,2.4006e+11,"24","0060","000","0060-24","North Central University","North Central University",NA,"910 Elliot Ave, Minneapolis, MN 55404","910 Elliot Avenue, Minneapolis, MN 55404","Private or Nonpublic","Head",NA,NA,"NO",3.0001e+10,"Minneapolis",27053,"Hennepin",2007-10-25,2022-05-06,NA,"http://www.northcentral.edu","SY2024-25","c(479387.222","4979583.942)",TRUE,TRUE,57665,1504.93769510183,"0.935127254092877,""55404"""
"92",92,92,2.40065e+11,"24","0065","000","0065-24","Capella University","Capella University",NA,"225 S 6th St, Minneapolis, MN 55402","225 South 6th Street 9th Floor, Minneapolis, MN 55402","Private or Nonpublic","Head",NA,NA,"NO",3.0001e+10,"Minneapolis",27053,"Hennepin",2012-08-22,2022-09-19,NA,"http://www.capella.edu","SY2024-25","c(478843.9263","4980336.4619)",TRUE,FALSE,10013,1239.08575850461,"0.769934108705811,""55402"""
"93",93,93,2.40066e+11,"24","0066","000","0066-24","Walden University","Walden University",NA,"100 Washington Ave S, Minneapolis, MN 55401","100 Washington Ave S, Minneapolis, MN 55401","Private or Nonpublic","Head",NA,NA,"NO",3.0001e+10,"Minneapolis",27053,"Hennepin",2012-08-22,2022-09-19,NA,"http://www.waldenu.edu","SY2024-25","c(479043.1264","4980901.4033)",TRUE,FALSE,1911,926.692711877332,"0.575821586412649,""55401"""
"94",94,94,2.40067e+11,"24","0067","000","0067-24","Academy College","Academy College",NA,"1600 W 82nd St, Bloomington, MN 55431","1600 West  82nd Street Suite 100, Bloomington, MN 55431","Private or Nonpublic","Head",NA,NA,"NO",1.0271e+10,"Bloomington",27053,"Hennepin",2016-09-20,2022-02-16,NA,"http://www.academycollege.edu","SY2024-25","c(476313.2213","4966971.7954)",FALSE,FALSE,1904,6354.05824870208,"3.94823856282829,""55431"""
"95",95,95,2.4007e+11,"24","0070","000","0070-24","Koehler-Dramm's Institute of Floristry","Koehler-Dramm's Institute of Floristry",NA,"2407 Hennepin Ave E, Minneapolis, MN 55413","2407 Hennepin Avenue East, Minneapolis, MN 55413","Private or Nonpublic","Head",NA,NA,"NO",3.0001e+10,"Minneapolis",27053,"Hennepin",2016-09-20,2022-04-12,NA,"https://www.kdfloralinstitute.com/","SY2024-25","c(482762.4188","4982077.9915)",FALSE,TRUE,59197,2289.58401052628,"1.42268508241035,""55413"""
"96",96,96,2.40076e+11,"24","0076","000","0076-24","The Travel Academy","The Travel Academy",NA,"1299 Eagan Industrial Rd, Eagan, MN 55121","1299 Eagan Industrial Rd, Eagan, MN 55121","Private or Nonpublic","Head",NA,NA,"NO",1.0197e+10,"West St. Paul-Mendota Hts.-Eagan",27037,"Dakota",2016-09-20,2023-10-24,NA,"http://www.thetravelacademy.com","SY2024-25","c(487354.1481","4967168.3153)",FALSE,FALSE,59709,4651.80420182891,"2.8905043072495,""55121"""
"97",97,97,2.4008e+11,"24","0080","000","0080-24","Herzing University","Herzing University",NA,"435 Ford Rd, Saint Louis Park, MN 55426","435 Ford Rd, Saint Louis Park, MN 55426","Private or Nonpublic","Head",NA,NA,"NO",1.027e+10,"Hopkins",27053,"Hennepin",2016-09-20,2022-05-16,NA,"http://www.herzing.edu","SY2024-25","c(468081.4239","4980275.747)",FALSE,FALSE,10013,9851.17891185705,"6.12125399968748,""55426"""
"98",98,98,2.40081e+11,"24","0081","000","0081-24","Minnesota School of Bartending","Minnesota School of Bartending",NA,"2426 University Ave, Saint Paul, MN 55114","2426 University Avenue, Saint Paul, MN 55114","Private or Nonpublic","Head",NA,NA,"NO",1.0625e+10,"Saint Paul",27123,"Ramsey",2016-09-20,2022-04-05,NA,"https://mnschoolofbartending.com/","SY2024-25","c(484312.4518","4978991.5189)",FALSE,TRUE,59197,3673.00931253361,"2.28230784826924,""55114"""
"99",99,99,2.40086e+11,"24","0086","000","0086-24","Minnesota School of Barbering","Minnesota School of Barbering",NA,"3615 E Lake St, Minneapolis, MN 55406","3615 East Lake Street, Minneapolis, MN 55406","Private or Nonpublic","Head",NA,NA,"NO",3.0001e+10,"Minneapolis",27053,"Hennepin",2016-09-20,2022-04-28,NA,"https://www.minnesotaschoolofbarbering.org/","SY2024-25","c(482659.4669","4977217.136)",FALSE,FALSE,59197,3765.17631471923,"2.33957791064612,""55406"""
"100",100,100,2.40088e+11,"24","0088","000","0088-24","Rasmussen University - Eagan Campus","Rasmussen University - Eagan Campus",NA,"1305 Corporate Center Dr, Eagan, MN 55121","1305 Corporate Center Dr, Eagan, MN 55121","Private or Nonpublic","Head",NA,NA,"NO",1.0197e+10,"West St. Paul-Mendota Hts.-Eagan",27037,"Dakota",2016-09-20,2023-10-24,NA,"http://www.rasmussen.edu/campus-locations/eagan-mn-campus.asp","SY2024-25","c(487006.5751","4967311.199)",FALSE,FALSE,59709,4281.93418595225,"2.66067716327951,""55121"""
"101",101,101,2.40102e+11,"24","0102","000","0102-24","Aveda Institute Minneapolis","Aveda Institute Minneapolis",NA,"400 Central Ave SE, Minneapolis, MN 55414","400 Central Avenue SE, Minneapolis, MN 55414","Private or Nonpublic","Head",NA,NA,"NO",3.0001e+10,"Minneapolis",27053,"Hennepin",2016-09-20,2022-02-24,NA,"http://www.aveda.edu","SY2024-25","c(480013.3691","4981641.5459)",TRUE,FALSE,1911,621.549864018858,"0.386214139969713,""55414"""
"102",102,102,2.40103e+11,"24","0103","000","0103-24","Minnesota School of Horseshoeing","Minnesota School of Horseshoeing",NA,"6250 Riverdale Dr NW, Ramsey, MN 55303","6250 Riverdale Drive NW, Ramsey, MN 55303","Private or Nonpublic","Head",NA,NA,"NO",1.0011e+10,"Anoka-Hennepin",27003,"Anoka",2016-09-20,2022-04-29,NA,"https://www.mnschoolofhorseshoeing.com/programs","SY2024-25","c(466495.9228","5007257.3219)",FALSE,FALSE,62061,4789.68992124739,"2.97618273406949,""55303"""
"103",103,103,2.40104e+11,"24","0104","000","0104-24","Minnesota School of Piano Technology","Minnesota School of Piano Technology",NA,"1753 Commerce Ct, White Bear Lake, MN 55110","1753 Commerce Ct, White Bear Lake, MN 55110","Private or Nonpublic","Head",NA,NA,"NO",1.0624e+10,"White Bear Lake",27123,"Ramsey",2016-09-20,2022-08-30,NA,"https://www.mnpianotech.com/","SY2024-25","c(497697.9134","4988260.7801)",FALSE,FALSE,55824,12131.9480831859,"7.53846178134263,""55110"""
"104",104,104,2.40106e+11,"24","0106","000","0106-24","KHEC, Inc./Kaplan Professional Schools","KHEC, Inc./Kaplan Professional Schools",NA,"1295 Bandana Blvd, Saint Paul, MN 55108","Atrium Office Building 1295 Bandan, Saint Paul, MN 55108","Private or Nonpublic","Head",NA,NA,"NO",1.0625e+10,"Saint Paul",27123,"Ramsey",2016-09-20,2024-05-31,NA,"http://www.kpsminnesota.com","SY2024-25","c(487794.4038","4979947.1379)",FALSE,TRUE,55824,4455.80405278348,"2.76871515825337,""55108"""
"105",105,105,2.40111e+11,"24","0111","000","0111-24","Bravura Training","Bravura Training",NA,"5775 Wayzata Blvd, Saint Louis Park, MN 55416","5775 Wayzata Boulevard Suite 700, Saint Louis Park, MN 55416","Private or Nonpublic","Head",NA,NA,"NO",1.0283e+10,"St. Louis Park",27053,"Hennepin",2016-09-20,2022-03-01,NA,"http://www.bravuraservices.com","SY2024-25","c(472084.1889","4979550.8149)",FALSE,FALSE,10013,6022.67110681621,"3.74232362758411,""55416"""
"106",106,106,2.40112e+11,"24","0112","000","0112-24","Minnesota Resource Center","Minnesota Resource Center",NA,"2438 27th Ave S, Minneapolis, MN 55406","2438 27th Avenue South Suite 100, Minneapolis, MN 55406","Private or Nonpublic","Head",NA,NA,"NO",3.0001e+10,"Minneapolis",27053,"Hennepin",2016-09-20,2022-04-28,NA,"http://www.mrc-mn.org","SY2024-25","c(481589.7444","4978294.5116)",FALSE,FALSE,59197,2379.35892331941,"1.47846876565512,""55406"""
"107",107,107,2.40113e+11,"24","0113","000","0113-24","Montessori Training Center of MN","Montessori Training Center of Minnesota",NA,"1611 Ames Ave, Saint Paul, MN 55106","1611  Ames Ave, Saint Paul, MN 55106","Private or Nonpublic","Head",NA,NA,"NO",1.0625e+10,"Saint Paul",27123,"Ramsey",2016-09-20,2024-05-31,NA,"https://www.montessoricentermn.org/","SY2024-25","c(497440.646","4980191.5517)",FALSE,TRUE,56643,6197.70205719299,"3.85108308821815,""55106"""
"108",108,108,2.40115e+11,"24","0115","000","0115-24","Northwestern Academy of Homeopathy","Northwestern Academy of Homeopathy",NA,"7104 West Lake St, Saint Louis Park, MN 55426","7104 West Lake Street, Saint Louis Park, MN 55426","Private or Nonpublic","Head",NA,NA,"NO",1.0283e+10,"St. Louis Park",27053,"Hennepin",2016-09-20,2022-02-16,NA,"http://www.classicalhomeopathicschool.com","SY2024-25","c(471032.7002","4976110.9669)",FALSE,FALSE,10013,8504.08120973996,"5.28420421398832,""55426"""
"109",109,109,2.40119e+11,"24","0119","000","0119-24","Intertech","Intertech",NA,"1575 Thomas Center Dr, Eagan, MN 55122","1575 Thomas Center Drive, Eagan, MN 55122","Private or Nonpublic","Head",NA,NA,"NO",1.0196e+10,"Rosemount-Apple Valley-Eagan",27037,"Dakota",2016-09-20,2022-04-04,NA,"http://www.intertech.com","SY2024-25","c(485644.4541","4959864.4934)",FALSE,FALSE,1904,5813.09151204913,"3.61209658123773,""55122"""
"110",110,110,2.4012e+11,"24","0120","000","0120-24","Institute of Production and Recording","Institute of Production and Recording, The",NA,"300 1st Ave N, Minneapolis, MN 55401","300 1st Ave N, Minneapolis, MN 55401","Private or Nonpublic","Head",NA,NA,"NO",3.0001e+10,"Minneapolis",27053,"Hennepin",2016-09-20,2023-10-24,NA,"http://www.ipr.edu","SY2024-25","c(478558.6273","4980995.3987)",TRUE,FALSE,10013,677.653092549895,"0.421075156616933,""55401"""
"111",111,111,2.40121e+11,"24","0121","000","0121-24","Brainco-Minneapolis School","Brainco-Minneapolis School of Advertising Design and Interactive Studies","Advertising Design and Interactive Studies","2601 2nd Ave S, Minneapolis, MN 55408","2601 2nd Ave S, Minneapolis, MN 55408","Private or Nonpublic","Head",NA,NA,"NO",3.0001e+10,"Minneapolis",27053,"Hennepin",2016-09-20,2023-10-24,NA,"https://brainco.org/","SY2024-25","c(478401.8756","4978022.9021)",FALSE,TRUE,10013,3151.57294318173,"1.95830150445632,""55408"""
"112",112,112,2.40123e+11,"24","0123","000","0123-24","Goodwill Industries Inc/Easter Seal","Goodwill Industries Inc/Easter Seals Minnesota",NA,"553 Fairview Ave N, Saint Paul, MN 55104","553 Fairview Avenue North, Saint Paul, MN 55104","Private or Nonpublic","Head",NA,NA,"NO",1.0625e+10,"Saint Paul",27123,"Ramsey",2016-09-20,2023-06-23,NA,"http://www.goodwilleasterseals.org","SY2024-25","c(485966.5093","4978320.6095)",FALSE,TRUE,57069,5024.80438702884,"3.12227645309807,""55104"""
"113",113,113,2.40131e+11,"24","0131","000","0131-24","Hennepin County Medical Center","Hennepin County Medical Center",NA,"701 Park Ave, Minneapolis, MN 55415","701 Park Avenue, Minneapolis, MN 55415","Private or Nonpublic","Head",NA,NA,"NO",3.0001e+10,"Minneapolis",27053,"Hennepin",2016-09-20,2022-03-29,NA,"https://www.hennepinhealthcare.org/medical-education-training/","SY2024-25","c(479321.9809","4979882.5581)",TRUE,TRUE,1911,1306.96052642853,"0.812109639000165,""55415"""
"114",114,114,2.40135e+11,"24","0135","000","0135-24","Your Yoga","Your Yoga",NA,"2649 Lyndale Ave S, Minneapolis, MN 55408","2649 Lyndale Avenue South, Minneapolis, MN 55408","Private or Nonpublic","Head",NA,NA,"NO",3.0001e+10,"Minneapolis",27053,"Hennepin",2016-09-20,2022-09-19,NA,"http://www.youryogamn.com","SY2024-25","c(477297.9477","4977867.0859)",FALSE,TRUE,10013,3320.54469652745,"2.06329594524926,""55408"""
"115",115,115,2.40152e+11,"24","0152","000","0152-24","Devanadi Yoga","Devanadi Yoga",NA,"2711 W 44th St, Minneapolis, MN 55410","2711 West 44th Street, Minneapolis, MN 55410","Private or Nonpublic","Head",NA,NA,"NO",3.0001e+10,"Minneapolis",27053,"Hennepin",2016-09-20,2022-02-15,NA,"http://www.devanadiyoga.com","SY2024-25","c(475193.1667","4974460.7202)",FALSE,FALSE,10013,7199.07161604182,"4.47330683139785,""55410"""
"116",116,116,2.40154e+11,"24","0154","000","0154-24","Builders Institute","Builders Institute",NA,"7420 Unity Ave N, Brooklyn Park, MN 55443","7420 Unity Avenue North  Suite 201, Brooklyn Park, MN 55443","Private or Nonpublic","Head",NA,NA,"NO",1.0279e+10,"Osseo",27053,"Hennepin",2016-09-20,2022-03-08,NA,"http://www.buildersinstitutemn.org","SY2024-25","c(472306.2122","4992999.4147)",FALSE,TRUE,1927,9808.94819460489,"6.09501298333782,""55443"""
"117",117,117,2.40164e+11,"24","0164","000","0164-24","CorePower Yoga","CorePower Yoga",NA,"501 S Washington Ave, Minneapolis, MN 55415","501 South Washington Avenue, Minneapolis, MN 55415","Private or Nonpublic","Head",NA,NA,"NO",3.0001e+10,"Minneapolis",27053,"Hennepin",2016-09-20,2022-03-14,NA,"http://www.corepoweryoga.com/minneapolis","SY2024-25","c(479405.5171","4980575.4767)",TRUE,FALSE,1911,713.501385699191,"0.443350308635336,""55415"""
"118",118,118,2.40165e+11,"24","0165","000","0165-24","Life Time Academy","Life Time Academy",NA,"600 1st Ave, Minneapolis, MN 55403","Life Time Target Center 600 1st Av, Minneapolis, MN 55403","Private or Nonpublic","Head",NA,NA,"NO",3.0001e+10,"Minneapolis",27053,"Hennepin",2016-09-20,2022-04-19,NA,"http://www.ltacademy.net","SY2024-25","c(478226.6949","4980714.3576)",TRUE,FALSE,10013,534.375168159928,"0.332046160637235,""55403"""
"119",119,119,2.40167e+11,"24","0167","000","0167-24","Faces ETC Makeup Artist School of M","Faces ETC Makeup Artist School of Minnesota",NA,"4419 Nicollet Ave S, Minneapolis, MN 55419","4419 Nicollet Avenue South, Minneapolis, MN 55419","Private or Nonpublic","Head",NA,NA,"NO",3.0001e+10,"Minneapolis",27053,"Hennepin",2016-09-20,2022-03-16,NA,"http://www.facesetcofmn.com","SY2024-25","c(478082.7177","4974392.6333)",FALSE,FALSE,57069,6229.85429320358,"3.87106161109746,""55419"""
"120",120,120,2.40171e+11,"24","0171","000","0171-24","Prime Digital Academy","Prime Digital Academy",NA,"301 4th Ave S, Minneapolis, MN 55415","301 4th Ave S, Minneapolis, MN 55415","Private or Nonpublic","Head",NA,NA,"NO",3.0001e+10,"Minneapolis",27053,"Hennepin",2016-09-20,2022-06-13,NA,"http://primeacademy.io","SY2024-25","c(479218.7755","4980549.7108)",TRUE,FALSE,1911,880.593594092474,"0.54717685143753,""55415"""
"121",121,121,2.40172e+11,"24","0172","000","0172-24","Green Lotus Yoga and Healing Center","Green Lotus Yoga and Healing Center",NA,"750 Main St, Mendota Heights, MN 55118","750 Main Street Suite 100, Mendota Heights, MN 55118","Private or Nonpublic","Head",NA,NA,"NO",1.0197e+10,"West St. Paul-Mendota Hts.-Eagan",27037,"Dakota",2016-09-20,2022-03-22,NA,"http://www.greenlotusyogactr.com","SY2024-25","c(490376.411","4970165.8368)",FALSE,FALSE,1912,5233.06419141657,"3.25168341768462,""55118"""
"122",122,122,2.40176e+11,"24","0176","000","0176-24","Awaken Pilates","Awaken Pilates",NA,"2937 S Lyndale Ave, Minneapolis, MN 55408","2937 South Lyndale Avenue Suite 10, Minneapolis, MN 55408","Private or Nonpublic","Head",NA,NA,"NO",3.0001e+10,"Minneapolis",27053,"Hennepin",2016-09-20,2022-02-24,NA,"http://www.awakenpilates.com","SY2024-25","c(477305.6186","4977337.8234)",FALSE,TRUE,10013,3841.17035159142,"2.38679853330646,""55408"""
"123",123,123,2.40189e+11,"24","0189","000","0189-24","Rasmussen University - Hennepin/Anoka Campus","Rasmussen University - Hennepin/Anoka Campus",NA,"5555 96th Ave N, Brooklyn Park, MN 55443","5555 96th Avenue N, Brooklyn Park, MN 55443","Private or Nonpublic","Head",NA,NA,"NO",1.0279e+10,"Osseo",27053,"Hennepin",2016-09-20,2023-10-24,NA,"http://www.rasmussen.edu/campus-locations/brooklyn-park-mn-campus.asp","SY2024-25","c(472260.5002","4997246.5097)",FALSE,TRUE,1927,13442.2593024502,"8.3526534495198,""55443"""
"124",124,124,2.40199e+11,"24","0199","000","0199-24","TSC Connect","TSC Connect",NA,"505 Como Ave, Saint Paul, MN 55103","505 Como Ave, Saint Paul, MN 55103","Private or Nonpublic","Head",NA,NA,"NO",1.0625e+10,"Saint Paul",27123,"Ramsey",2022-09-19,2023-04-24,NA,"http://www.tscconnectllc.com/","SY2024-25","c(490419.1095","4979369.7819)",FALSE,TRUE,55824,2053.19965883775,"1.27580229090047,""55103"""
"125",125,125,2.40203e+11,"24","0203","000","0203-24","Saint Mary's University of Minnesota","Saint Mary's University of Minnesota",NA,"2500 Park Ave S, Minneapolis, MN 55404","2500 Park Avenue South, Minneapolis, MN 55404","Private or Nonpublic","Head",NA,NA,"NO",3.0001e+10,"Minneapolis",27053,"Hennepin",2016-09-20,2022-02-24,NA,"https://www.smumn.edu/","SY2024-25","c(479040.879","4978215.9603)",FALSE,TRUE,57665,2806.79640087678,"1.74406676083164,""55404"""
"126",126,126,2.40211e+11,"24","0211","000","0211-24","Minneapolis School of Anesthesia","Minneapolis School of Anesthesia",NA,"1000 County Road E W, Shoreview, MN 55126","1000 County Road E W, Shoreview, MN 55126","Private or Nonpublic","Head",NA,NA,"NO",1.0621e+10,"Mounds View",27123,"Ramsey",2016-09-20,2023-10-10,NA,"https://www.nurseanesthesia.org/","SY2024-25","c(488716.7936","4988499.1083)",FALSE,FALSE,1927,10904.6699130597,"6.7758645861407,""55126"""
"127",127,127,2.40214e+11,"24","0214","000","0214-24","Bethlehem College and Seminary","Bethlehem College and Seminary",NA,"720 13th Ave S, Minneapolis, MN 55415","720 13th Ave S, Minneapolis, MN 55415","Private or Nonpublic","Head",NA,NA,"NO",3.0001e+10,"Minneapolis",27053,"Hennepin",2016-09-20,2022-09-19,NA,"https://bcsmn.edu/","SY2024-25","c(479873.9793","4979538.6455)",TRUE,TRUE,57665,1245.22431919253,"0.773748442959552,""55415"""
"128",128,128,2.40217e+11,"24","0217","000","0217-24","Washington Technical Institute","Washington Technical Institute",NA,"601 Carlson Pkwy, Minnetonka, MN 55305","601 Carlson Pkwy, Minnetonka, MN 55305","Private or Nonpublic","Head",NA,NA,"NO",1.0284e+10,"Wayzata",27053,"Hennepin",2016-09-20,2024-03-12,NA,"https://www.washingtontech.edu/","SY2024-25","c(463267.289","4980075.7899)",FALSE,FALSE,10013,14666.0907954746,"9.11310897353857,""55305"""
"129",129,129,2.40219e+11,"24","0219","000","0219-24","Bethel Seminary","Bethel Seminary",NA,"2 Pine Tree Dr, Arden Hills, MN 55112","2 Pine Tree Dr, Arden Hills, MN 55112","Private or Nonpublic","Head",NA,NA,"NO",1.0621e+10,"Mounds View",27123,"Ramsey",2016-09-20,2023-10-24,NA,"https://www.bethel.edu/seminary/","SY2024-25","c(487804.5056","4988105.64)",FALSE,FALSE,1927,9917.04145223246,"6.16217918664325,""55112"""
"130",130,130,2.4022e+11,"24","0220","000","0220-24","Mitchell Hamline School of Law","Mitchell Hamline School of Law",NA,"875 Summit Ave, Saint Paul, MN 55105","875 Summit Avenue, Saint Paul, MN 55105","Private or Nonpublic","Head",NA,NA,"NO",1.0625e+10,"Saint Paul",27123,"Ramsey",2016-09-20,2022-04-29,NA,"https://mitchellhamline.edu/","SY2024-25","c(489108.8111","4976514.8728)",FALSE,FALSE,1912,2388.29211459389,"1.48401960716436,""55105"""
"131",131,131,2.40222e+11,"24","0222","000","0222-24","Northwestern Health Sciences University","Northwestern Health Sciences University",NA,"2501 W 84th St, Bloomington, MN 55431","2501 West 84th Street, Bloomington, MN 55431-1599","Private or Nonpublic","Head",NA,NA,"NO",1.0271e+10,"Bloomington",27053,"Hennepin",2016-09-20,2022-05-11,NA,"https://www.nwhealth.edu/","SY2024-25","c(475399.3494","4966415.8035)",FALSE,FALSE,1904,6564.76848158023,"4.0791681568719,""55431"""
"132",132,132,2.40224e+11,"24","0224","000","0224-24","Watermark Learning","Watermark Learning",NA,"8120 Penn Ave S, Bloomington, MN 55431","8120 Penn Ave S, Bloomington, MN 55431","Private or Nonpublic","Head",NA,NA,"NO",1.0271e+10,"Bloomington",27053,"Hennepin",2016-09-20,2023-05-02,NA,"https://www.watermarklearning.com/","SY2024-25","c(475489.2303","4967003.327)",FALSE,FALSE,1904,6914.76475378246,"4.29664629834743,""55431"""
"133",133,133,2.40231e+11,"24","0231","000","0231-24","Midway Vo-Tech","Midway Vo-Tech",NA,"1101 Snelling Ave N, Saint Paul, MN 55108","1101 Snelling Avenue North Suite 2, Saint Paul, MN 55108","Private or Nonpublic","Head",NA,NA,"NO",1.0625e+10,"Saint Paul",27123,"Ramsey",2016-09-20,2022-09-19,NA,"https://www.midwayvotech.com/","SY2024-25","c(486761.5126","4980201.6154)",FALSE,FALSE,55824,5486.6022791492,"3.40922507310401,""55108"""
"134",134,134,2.40232e+11,"24","0232","000","0232-24","Manufacturers Alliance","Manufacturers Alliance",NA,"8421 Wayzata Blvd, Golden Valley, MN 55426","8421 Wayzata Boulevard, Golden Valley, MN 55426","Private or Nonpublic","Head",NA,NA,"NO",1.027e+10,"Hopkins",27053,"Hennepin",2016-09-20,2022-04-25,NA,"https://www.mfrall.com/","SY2024-25","c(469464.7284","4979966.9352)",FALSE,FALSE,10013,8510.78849162846,"5.28837193609086,""55426"""
"135",135,135,2.40239e+11,"24","0239","000","0239-24","ONX","ONX","Sparrow Studios","1654 Diffley Rd, Eagan, MN 55122","1654 Diffley Road Suite 101, Eagan, MN 55122","Private or Nonpublic","Head",NA,NA,"NO",1.0196e+10,"Rosemount-Apple Valley-Eagan",27037,"Dakota",2016-09-20,2024-05-30,NA,"http://sparrowmn.com","SY2024-25","c(485065.936","4961077.916)",FALSE,FALSE,1904,4922.70933447563,"3.05883737089467,""55122"""
"136",136,136,2.40241e+11,"24","0241","000","0241-24","Life Time","Life Time",NA,"6233 Baker Rd, Eden Prairie, MN 55346","6233 Baker Rd, Eden Prairie, MN 55346","Private or Nonpublic","Head",NA,NA,"NO",1.0272e+10,"Eden Prairie",27053,"Hennepin",2016-09-20,2023-12-19,NA,"https://www.lifetime.life/","SY2024-25","c(464798.6816","4970797.5058)",FALSE,FALSE,60919,10367.5336128577,"6.44210273333023,""55346"""
"137",137,137,2.40245e+11,"24","0245","000","0245-24","Finishing Trades Institution of the","Finishing Trades Institution of the Upper Midwest",NA,"3205 Country Drive, Suite 150, Little Canada, MN 55117","3205 Country Drive, Suite 150, Little Canada, MN 55117","Private or Nonpublic","Head",NA,NA,"NO",1.0624e+10,"White Bear Lake",27123,"Ramsey",2018-10-01,2022-09-19,NA,"https://www.ftium.edu/","SY2024-25","c(492312.6317","4987304.7265)",FALSE,TRUE,55824,9590.44524510284,"5.95924120763968,""55117"""
"138",138,138,2.50008e+11,"25","0008","000","0008-25","Century College","Century College",NA,"3300 Century Ave N, White Bear Lake, MN 55110","3300 Century Avenue North, White Bear Lake, MN 55110","Public","Head",NA,NA,"NO",1.0624e+10,"White Bear Lake",27123,"Ramsey",2007-10-25,2022-09-19,NA,"https://www.century.edu/","SY2024-25","c(501057.8106","4987845.7705)",FALSE,FALSE,55824,13800.8276442319,"8.57545804132866,""55110"""
"139",139,139,2.5001e+11,"25","0010","000","0010-25","Minneapolis Community & Technical College","Minneapolis College",NA,"1501 Hennepin Ave, Minneapolis, MN 55403","1501 Hennepin Avenue, Minneapolis, MN 55403","Public","Head",NA,NA,"NO",3.0001e+10,"Minneapolis",27053,"Hennepin",2007-10-26,2022-08-30,NA,"http://www.minneapolis.edu","SY2024-25","c(477580.1472","4979949.542)",TRUE,FALSE,10013,1225.13554242578,"0.761265824764055,""55403"""
"140",140,140,2.50625e+11,"25","0625","000","0625-25","Saint Paul College","Saint Paul College",NA,"235 Marshall Avenue, Saint Paul, MN 55102","235 Marshall Avenue, Saint Paul, MN 55102","Public","Head",NA,NA,"NO",1.0625e+10,"Saint Paul",27123,"Ramsey",2007-10-25,2024-05-30,NA,"https://www.saintpaul.edu/","SY2024-25","c(491329.0959","4977253.8813)",TRUE,TRUE,55824,586.734367067756,"0.364580739351384,""55102"""
"141",141,141,360625010000,"36","0625","010","0625-36-010","Archdiocese of St. Paul/Mpls.","Archdiocese of St. Paul/Mpls.",NA,"328 West Kellogg Blvd, Saint Paul, MN 55102","328 West Kellogg Blvd, Saint Paul, MN 55102","Private or Nonpublic","Member",NA,90,"NO",1.0625e+10,"Saint Paul",27123,"Ramsey",2018-10-01,2021-06-29,NA,NA,"SY2024-25","c(491614.4412","4977079.2921)",TRUE,TRUE,55824,658.808918078975,"0.409365900356031,""55102"""
"142",142,142,6.011e+11,"60","1100","000","1100-60","Minnesota Department of Corrections","Minnesota Department of Corrections",NA,"1450 Energy Park Dr, Saint Paul, MN 55108","1450 Energy Park Drive Ste 200, Saint Paul, MN 55108-5219","Public","Head",NA,NA,"NO",1.0625e+10,"Saint Paul",27123,"Ramsey",2008-04-01,2022-04-28,2700272,NA,"SY2024-25","c(487222.7536","4979787.4794)",FALSE,TRUE,55824,4891.16866141551,"3.03923885655953,""55108"""
"143",143,143,7.01e+11,"70","1000","000","1000-70","Perpich Center for the Arts","Perpich Center for Arts Education",NA,"6125 Olson Memorial Hwy, Golden Valley, MN 55422","6125 Olson Memorial Hwy, Golden Valley, MN 55422-4918","Public","Head",NA,NA,"NO",1.027e+10,"Hopkins",27053,"Hennepin",2008-12-01,2022-05-23,2791456,"https://perpich.mn.gov/","SY2024-25","c(471717.6456","4981198.7113)",FALSE,FALSE,10013,6177.88974861078,"3.83877225981507,""55422"""
"144",144,144,7.50101e+11,"75","0101","000","0101-75","Abbott Northwest Childs Center","Abbott - Northwest Child's Center",NA,"143 E 19th St, Minneapolis, MN 55403","143 E 19th St, Minneapolis, MN 55403","Public","Head",NA,NA,"NO",3.0001e+10,"Minneapolis",27053,"Hennepin",2010-04-27,2022-02-16,NA,NA,"SY2024-25","c(478368.0902","4978958.0441)",FALSE,TRUE,10013,2226.24044830816,"1.38332511980573,""55403"""
"145",145,145,7.50104e+11,"75","0104","000","0104-75","Alternative Homes Inc.","Alternative Homes, Inc.",NA,"1210 Albemarle St, Saint Paul, MN 55117","1210 Albemarle St, Saint Paul, MN 55117","Public","Head",NA,NA,"NO",1.0625e+10,"Saint Paul",27123,"Ramsey",2010-04-27,2022-02-22,NA,NA,"SY2024-25","c(491565.2415","4980470.7285)",FALSE,TRUE,55824,2736.17169528894,"1.70018249424543,""55117"""
"146",146,146,7.50106e+11,"75","0106","000","0106-75","Arc Parkview","Arc Parkview",NA,"3705 Park Center Blvd, Saint Louis Park, MN 55416","3705 Park Center Blvd, Minneapolis, MN 55416","Public","Head",NA,NA,"NO",1.0283e+10,"St. Louis Park",27053,"Hennepin",2010-04-27,2022-02-24,NA,NA,"SY2024-25","c(472780.5054","4975806.8201)",FALSE,FALSE,10013,7384.66606642191,"4.58863016293754,""55416"""
"147",147,147,7.5011e+11,"75","0110","000","0110-75","Booth Brown House","Booth Brown House",NA,"1471 Como Ave W, Saint Paul, MN 55108","1471 Como Ave West, Saint Paul, MN 55108","Public","Head",NA,NA,"NO",1.0625e+10,"Saint Paul",27123,"Ramsey",2010-04-08,2022-03-01,NA,NA,"SY2024-25","c(487197.5194","4980496.8885)",FALSE,FALSE,55824,5249.9301329291,"3.26216345391844,""55108"""
"148",148,148,7.50113e+11,"75","0113","000","0113-75","Bridge For Runaway Youth Inc.","Bridge For Runaway Youth, Inc.",NA,"2200 Emerson Ave S, Minneapolis, MN 55405","2200 Emerson Ave S, Minneapolis, MN 55405","Public","Head",NA,NA,"NO",3.0001e+10,"Minneapolis",27053,"Hennepin",2010-04-27,2022-03-01,NA,NA,"SY2024-25","c(476764.673","4978633.2637)",FALSE,FALSE,10013,2743.92830409246,"1.7050022394848,""55405"""
"149",149,149,7.50118e+11,"75","0118","000","0118-75","Courage Residence","Courage Residence (The)",NA,"3915 Golden Valley Rd, Golden Valley, MN 55422","3915 Golden Valley Rd, Golden Valley, MN 55422","Public","Head",NA,NA,"NO",1.0281e+10,"Robbinsdale",27053,"Hennepin",2010-04-27,2022-03-14,NA,NA,"SY2024-25","c(474010.7079","4982871.4733)",FALSE,FALSE,10013,4255.56529507309,"2.64429225339151,""55422"""
"150",150,150,7.50122e+11,"75","0122","000","0122-75","Dakota's Children, Inc.","Dakota's Children, Inc.",NA,"400 West Marie, West Saint Paul, MN 55118","400 West Marie, West Saint Paul, MN 55118","Public","Head",NA,50,"NO",1.0197e+10,"West St. Paul-Mendota Hts.-Eagan",27037,"Dakota",2010-04-27,2024-05-31,NA,NA,"SY2024-25","c(491973.1785","4970746.2827)",FALSE,FALSE,1912,4656.68523181652,"2.89353724621057,""55118"""
"151",151,151,7.50124e+11,"75","0124","000","0124-75","Eden Rehab/Treatment Facility Inc.","Eden Rehab/Treatment Facility, Inc",NA,"1025 Portland Ave, Minneapolis, MN 55404","1025 Portland Ave, Minneapolis, MN 55404","Public","Head",NA,NA,"NO",3.0001e+10,"Minneapolis",27053,"Hennepin",2010-04-27,2022-03-16,NA,NA,"SY2024-25","c(478950.3845","4979620.1961)",FALSE,TRUE,1911,1728.76344155048,"1.07420647069636,""55404"""
"152",152,152,7.50125e+11,"75","0125","000","0125-75","Fairview Receiving And Evaluation","Fairview Receiving And Evaluation",NA,"9927 Valley View Rd, Eden Prairie, MN 55344","9927 Valley View Rd, Eden Prairie, MN 55344","Public","Head",NA,NA,"NO",1.0272e+10,"Eden Prairie",27053,"Hennepin",2010-04-27,2022-03-16,NA,NA,"SY2024-25","c(468248.9256","4968729.9732)",FALSE,FALSE,60632,8598.02150294655,"5.34257615105978,""55344"""
"153",153,153,7.50131e+11,"75","0131","000","0131-75","Friendship House I","Friendship House I",NA,"2427 Park Ave, Minneapolis, MN 55404","2427 Park Ave, Minneapolis, MN 55404","Public","Head",NA,NA,"NO",3.0001e+10,"Minneapolis",27053,"Hennepin",2010-04-27,2022-02-24,NA,NA,"SY2024-25","c(479136.3792","4978325.8267)",FALSE,TRUE,57665,2663.80850907499,"1.65521798319497,""55404"""
"154",154,154,7.50135e+11,"75","0135","000","0135-75","Hammer Residences Inc.","Hammer Residences, Inc.",NA,"1909 E Wayzata Blvd, Wayzata, MN 55391","1909 E Wayzata Blvd (Or), Wayzata, MN 55391","Public","Head",NA,50,"NO",1.0284e+10,"Wayzata",27053,"Hennepin",2010-04-27,2022-09-19,NA,NA,"SY2024-25","c(461005.8702","4979924.2058)",FALSE,FALSE,61453,15978.5741815613,"9.92865036695868,""55391"""
"155",155,155,7.50141e+11,"75","0141","000","0141-75","Home Away Shelters","Home Away Shelters",NA,"7155 Madison West, Golden Valley, MN 55427","7155 Madison West, Golden Valley, MN 55427","Public","Head",NA,NA,"NO",1.0281e+10,"Robbinsdale",27053,"Hennepin",2022-09-19,2022-09-23,NA,NA,"SY2024-25","c(470690.2236","4983651.7603)",FALSE,FALSE,10013,7632.38493859624,"4.74255591646032,""55427"""
"156",156,156,7.50143e+11,"75","0143","000","0143-75","Homeward Bound","Homeward Bound - New Hope",NA,"4741 Zealand Ave N, New Hope, MN 55428","4741 Zealand Ave N, New Hope, MN 55428","Public","Head",NA,50,"NO",1.0281e+10,"Robbinsdale",27053,"Hennepin",2010-04-27,2022-09-19,NA,NA,"SY2024-25","c(469343.5328","4987557.9406)",FALSE,FALSE,1927,9260.46339167384,"5.75419948032972,""55428"""
"157",157,157,7.50147e+11,"75","0147","000","0147-75","Irene Whitney Center For Recovery","Irene Whitney Center For Recovery",NA,"4954 Upton Ave S, Minneapolis, MN 55410","4954 Upton Ave S, Minneapolis, MN 55410","Public","Head",NA,NA,"NO",3.0001e+10,"Minneapolis",27053,"Hennepin",2010-04-27,2022-04-05,NA,NA,"SY2024-25","c(475097.3427","4973311.9236)",FALSE,FALSE,10013,8306.90487333879,"5.16168421423614,""55410"""
"158",158,158,7.50149e+11,"75","0149","000","0149-75","Jane Dickman House","Jane Dickman House",NA,"1665 Woodbury Dr, Woodbury, MN 55125","1665 Woodbury Dr, Woodbury, MN 55125","Public","Head",NA,NA,"NO",1.0833e+10,"South Washington County",27163,"Washington",2022-09-19,2022-09-23,NA,NA,"SY2024-25","c(507545.9416","4974570.1408)",FALSE,TRUE,66977,4251.09677959606,"2.64151563970078,""55125"""
"159",159,159,7.50151e+11,"75","0151","000","0151-75","Lake Owasso Residence","LAKE OWASSO RESIDENCE",NA,"210 N Owasso Blvd, Shoreview, MN 55126","210 N Owasso Blvd, Shoreview, MN 55126","Public","Head",NA,50,"NO",1.0623e+10,"Roseville",27123,"Ramsey",2010-04-27,2022-04-18,NA,NA,"SY2024-25","c(491434.3288","4987576.683)",FALSE,FALSE,55824,9843.03524378412,"6.11619374637064,""55126"""
"160",160,160,7.50161e+11,"75","0161","000","0161-75","Mary's Shelter","Mary's Shelter",NA,"1200 Oakdale Ave, West Saint Paul, MN 55118","1200 B Oakdale Ave, West Saint Paul, MN 55118","Public","Head",NA,NA,"NO",1.0197e+10,"West St. Paul-Mendota Hts.-Eagan",27037,"Dakota",2022-09-19,2022-09-23,NA,NA,"SY2024-25","c(494244.8332","4972904.4393)",FALSE,TRUE,1912,3907.63368690012,"2.4280970378541,""55118"""
"161",161,161,7.50167e+11,"75","0167","000","0167-75","Muriel Humphrey Residences","Muriel Humphrey Residences",NA,"8751 Preserve Blvd, Eden Prairie, MN 55343","8751-8761-8771 Preserve Blvd, Eden Prairie, MN 55343","Public","Head",NA,NA,"NO",1.0272e+10,"Eden Prairie",27053,"Hennepin",2010-04-27,2022-09-19,NA,NA,"SY2024-25","c(466540.9898","4965798.5015)",FALSE,FALSE,60632,5398.1264267028,"3.35424859054196,""55343"""
"162",162,162,7.50171e+11,"75","0171","000","0171-75","Northwest Metro CD Center","Northwest Metro CD Center",NA,"3301 7th Ave N, Anoka, MN 55303","Anoka State Hospital Box 511, Anoka, MN 55303","Public","Head",NA,NA,"NO",1.0011e+10,"Anoka-Hennepin",27003,"Anoka",2010-04-28,2022-05-11,NA,NA,"SY2024-25","c(470202.2181","5006897.2925)",FALSE,FALSE,62061,8414.96787369415,"5.22883161649754,""55303"""
"163",163,163,7.50215e+11,"75","0215","000","0215-75","Sherburne House","Sherburne House",NA,"550 Galtier St, Saint Paul, MN 55103","550 Galtier St, Saint Paul, MN 55103","Public","Head",NA,NA,"NO",1.0625e+10,"Saint Paul",27123,"Ramsey",2010-04-27,2022-06-14,NA,NA,"SY2024-25","c(491303.1569","4978273.7828)",TRUE,TRUE,55824,646.841294051178,"0.401929545062683,""55103"""
"164",164,164,7.50222e+11,"75","0222","000","0222-75","St. Josephs Home for Children","St. Joseph's Home For Children",NA,"1121 E 46th St, Minneapolis, MN 55407","1121 E 46th St, Minneapolis, MN 55407","Public","Head",NA,50,"NO",3.0001e+10,"Minneapolis",27053,"Hennepin",2010-04-27,2022-06-13,NA,NA,"SY2024-25","c(479638.1243","4973973.8865)",FALSE,FALSE,57069,4638.62895809504,"2.88231756999456,""55407"""
"165",165,165,7.50225e+11,"75","0225","000","0225-75","Trevilla of Robbinsdale, Inc","Trevilla of Robbinsdale, Inc",NA,"3130 Grimes Ave N, Robbinsdale, MN 55422","3130 Grimes Ave N, Robbinsdale, MN 55422","Public","Head",NA,NA,"NO",1.0281e+10,"Robbinsdale",27053,"Hennepin",2010-04-27,2022-09-19,NA,NA,"SY2024-25","c(474081.7159","4984422.9003)",FALSE,TRUE,1927,4306.77058801431,"2.67610982639735,""55422"""
"166",166,166,7.50226e+11,"75","0226","000","0226-75","Twenty Twenty Adolescent Receive CT","Twenty Twenty Adolescent Receive Ct",NA,"2020 Minnehaha Ave S, Minneapolis, MN 55404","2020 Minnehaha Ave S, Minneapolis, MN 55404","Public","Head",NA,NA,"NO",3.0001e+10,"Minneapolis",27053,"Hennepin",2010-04-27,2022-07-27,NA,NA,"SY2024-25","c(480723.9886","4978782.1498)",FALSE,TRUE,59197,1842.99863707863,"1.14518910676342,""55404"""
"167",167,167,7.50227e+11,"75","0227","000","0227-75","Twin Town Treatment Center","Twin Town Treatment Center",NA,"1706 University Ave, Saint Paul, MN 55104","1706 University Ave, Saint Paul, MN 55104","Public","Head",NA,NA,"NO",1.0625e+10,"Saint Paul",27123,"Ramsey",2010-04-27,2022-07-27,NA,NA,"SY2024-25","c(486403.8175","4977996.5451)",FALSE,TRUE,57069,4896.22314505812,"3.04237957489289,""55104"""
"168",168,168,7.50229e+11,"75","0229","000","0229-75","Way 12 Halfway House","Way 12 Halfway House",NA,"645 E Wayzata Blvd, Wayzata, MN 55391","645 E Wayzata Blvd, Wayzata, MN 55391","Public","Head",NA,NA,"NO",1.0284e+10,"Wayzata",27053,"Hennepin",2010-04-27,2022-09-19,NA,NA,"SY2024-25","c(459733.0471","4980037.7828)",FALSE,FALSE,61453,14994.4425480696,"9.31713780063232,""55391"""
"169",169,169,7.50232e+11,"75","0232","000","0232-75","Wilder Juvenile Horizons Inc.","Wilder Juvenile Horizons, Inc",NA,"325 Dayton Ave, Saint Paul, MN 55102","325 Dayton Ave, Saint Paul, MN 55102","Public","Head",NA,50,"NO",1.0625e+10,"Saint Paul",27123,"Ramsey",2010-04-27,2023-09-20,NA,NA,"SY2024-25","c(491035.3817","4977145.6165)",TRUE,TRUE,55824,861.904114405704,"0.535563718298,""55102"""
"170",170,170,7.50241e+11,"75","0241","000","0241-75","Fairview Deaconess - Adolescent","Fairview Deaconess - Adolescent",NA,"1400 E 24th St, Minneapolis, MN 55404","1400 E 24th St. (And), Minneapolis, MN 55404","Public","Head",NA,NA,"NO",3.0001e+10,"Minneapolis",27053,"Hennepin",2010-04-27,2022-03-16,NA,NA,"SY2024-25","c(479913.7998","4978460.381)",FALSE,TRUE,57665,2243.2897921867,"1.39391911726963,""55404"""
"171",171,171,7.50243e+11,"75","0243","000","0243-75","Greenbriar House","Greenbriar House",NA,"941 Birmingham St, Saint Paul, MN 55106","941 Birmingham St, Saint Paul, MN 55106","Public","Head",NA,NA,"NO",1.0625e+10,"Saint Paul",27123,"Ramsey",2010-04-27,2022-03-22,NA,NA,"SY2024-25","c(496777.1827","4979591.4252)",FALSE,TRUE,56643,5310.51520281452,"3.29980936459326,""55106"""
"172",172,172,7.50245e+11,"75","0245","000","0245-75","Juel Fairbanks Services","Juel Fairbanks",NA,"806 N Albert St, Saint Paul, MN 55104","806 N Albert, Saint Paul, MN 55104","Public","Head",NA,NA,"NO",1.0625e+10,"Saint Paul",27123,"Ramsey",2010-04-27,2022-03-21,NA,NA,"SY2024-25","c(487502.5904","4979137.7976)",FALSE,FALSE,55824,4390.16964510595,"2.72793172673639,""55104"""
"173",173,173,7.50247e+11,"75","0247","000","0247-75","New Connection","New Connection",NA,"176 Prospect Blvd, Saint Paul, MN 55107","176 Prospect Blvd, Saint Paul, MN 55107","Public","Head",NA,NA,"NO",1.0625e+10,"Saint Paul",27123,"Ramsey",2010-04-27,2022-09-19,NA,NA,"SY2024-25","c(492630.387","4975663.3926)",TRUE,TRUE,56643,979.259937632994,"0.608485427338533,""55107"""
"174",174,174,7.50249e+11,"75","0249","000","0249-75","Ramsey Juvenile Detention Center","Ramsey Juvenile Detention Center",NA,"480 St. Peter St, Saint Paul, MN 55101","480 St. Peter St, Saint Paul, MN 55101","Public","Head",NA,NA,"NO",1.0625e+10,"Saint Paul",27123,"Ramsey",2010-04-27,2022-09-19,NA,NA,"SY2024-25","c(492231.6824","4977219.6972)",TRUE,FALSE,56643,627.342905753348,"0.3898137781658,""55101"""
"175",175,175,7.50253e+11,"75","0253","000","0253-75","St. Joseph's Hospital","St. Joseph's Hospital",NA,"69 W Exchange St, Saint Paul, MN 55102","69 W Exchange St, Saint Paul, MN 55102","Public","Head",NA,NA,"NO",1.0625e+10,"Saint Paul",27123,"Ramsey",2010-04-27,2022-04-06,NA,NA,"SY2024-25","c(492100.9364","4977201.3162)",TRUE,FALSE,56643,654.170870423714,"0.406483943991769,""55102"""
"176",176,176,7.50254e+11,"75","0254","000","0254-75","St. Mary's Adolescent CD Program","St. Mary's Adolescent CD Program",NA,"2414 S 7th St, Minneapolis, MN 55454","2414 S 7th St, Minneapolis, MN 55454","Public","Head",NA,NA,"NO",3.0001e+10,"Minneapolis",27053,"Hennepin",2010-04-27,2022-02-24,NA,NA,"SY2024-25","c(481310.7425","4979319.6023)",TRUE,TRUE,59197,1317.37360064232,"0.81858003942133,""55454"""
"177",177,177,7.50255e+11,"75","0255","000","0255-75","Team Center-Fairview Treatment Center","Team Center-Fairview Treatment Cent",NA,"54 W Exchange St, Saint Paul, MN 55102","54 West Exchange, Saint Paul, MN 55102","Public","Head",NA,NA,"NO",1.0625e+10,"Saint Paul",27123,"Ramsey",2010-04-27,2022-04-06,NA,NA,"SY2024-25","c(492142.4809","4977221.7138)",TRUE,FALSE,56643,656.364614092571,"0.407847076498795,""55102"""
"178",178,178,7.50302e+11,"75","0302","000","0302-75","Arlington House","Arlington House",NA,"712 E Larpenteur, Saint Paul, MN 55117","712 E Larpenteur, Saint Paul, MN 55117","Public","Head",NA,50,"NO",1.0625e+10,"Saint Paul",27123,"Ramsey",2007-10-01,2022-02-24,NA,NA,"SY2024-25","c(494430.2368","4982033.9788)",FALSE,TRUE,55824,5111.48988228822,"3.17614045651523,""55117"""
"179",179,179,8.00101e+11,"80","0101","000","0101-80","Skills 2000","Skills 2000",NA,"1006 Lake St W, Minneapolis, MN 55408",", , MN 00000","Public","Head",NA,82,"NO",3.0001e+10,"Minneapolis",27053,"Hennepin",2007-06-01,2022-06-14,NA,NA,"SY2024-25","c(476942.7035","4977285.9634)",FALSE,TRUE,10013,3963.66007678876,"2.46291030906382,""55408"""
"180",180,180,8.00106e+11,"80","0106","000","0106-80","Literacy Minnesota","Literacy Minnesota",NA,"700 Raymond Ave, Saint Paul, MN 55114","700 Raymond Ave, Saint Paul, MN 55114-1780","Public","Head",NA,82,"NO",1.0625e+10,"Saint Paul",27123,"Ramsey",2012-01-18,2022-09-19,NA,"https://www.literacymn.org/","SY2024-25","c(484439.3774","4978702.3511)",FALSE,TRUE,59197,3919.23115514994,"2.4353033884387,""55114"""
"181",181,181,8.00108e+11,"80","0108","000","0108-80","Sabathani Community Center","Sabathani Community Center",NA,"310 E 38th St, Minneapolis, MN 55409","310 E 38th St, Minneapolis, MN 55409","Public","Head",NA,82,"NO",3.0001e+10,"Minneapolis",27053,"Hennepin",2007-09-25,2023-09-12,NA,"https://sabathani.org/","SY2024-25","c(478552.2031","4975704.8675)",FALSE,TRUE,57665,5288.00098778436,"3.28581964518645,""55409"""
"182",182,182,8.00109e+11,"80","0109","000","0109-80","Literacy Training Network","Literacy Training Network",NA,"1000 Lasalle Ave, Minneapolis, MN 55403",", , MN 00000","Public","Head",NA,82,"NO",3.0001e+10,"Minneapolis",27053,"Hennepin",2023-04-14,2023-04-14,NA,NA,"SY2024-25","c(478202.5231","4980157.7978)",TRUE,TRUE,10013,1022.93938556987,"0.635626645438425,""55403"""
"183",183,183,8.0011e+11,"80","0110","000","0110-80","Learning Disabilities Assoc. Inc.","Learning Disabilities Assoc Inc",NA,"6100 Golden Valley Rd, Golden Valley, MN 55422","6100 Golden Valley Rd, Golden Valley, MN 55422-4442","Public","Head",NA,82,"NO",1.0281e+10,"Robbinsdale",27053,"Hennepin",2010-04-27,2024-07-10,NA,"http://www.ldaminnesota.org","SY2024-25","c(471815.9046","4982182.49)",FALSE,FALSE,10013,6169.12866138266,"3.8333283590681,""55422"""
"184",184,184,8.00112e+11,"80","0112","000","0112-80","Communications Service for the Deaf","Communications Service For The Deaf",NA,"2375 University Ave W, Saint Paul, MN 55114","2375 University Ave W, Saint Paul, MN 55114","Public","Head",NA,82,"NO",1.0625e+10,"Saint Paul",27123,"Ramsey",2010-04-27,2022-04-05,NA,"http://www.deafabe.com","SY2024-25","c(484467.9262","4978971.3179)",FALSE,TRUE,59197,3821.91818296262,"2.37483576059914,""55114"""
"185",185,185,8.00115e+11,"80","0115","000","0115-80","Institute For New Americans","Institute For New Americans",NA,"730 Hennepin Ave, Minneapolis, MN 55403","730 Hennepin Ave, Minneapolis, MN 55403-1812","Public","Head",NA,NA,"NO",3.0001e+10,"Minneapolis",27053,"Hennepin",2010-04-27,2022-04-04,NA,NA,"SY2024-25","c(478242.4971","4980485.3544)",TRUE,TRUE,10013,735.313417803623,"0.45690371071596,""55403"""
"186",186,186,8.00117e+11,"80","0117","000","0117-80","Vietnamese Social Services of MN","Vietnamese Social Services of Minnesota",NA,"277 University Ave W, Saint Paul, MN 55103","277 University Ave W, Saint Paul, MN 55103","Public","Head",NA,82,"NO",1.0625e+10,"Saint Paul",27123,"Ramsey",2010-04-27,2023-04-18,NA,"https://vssmn.org/","SY2024-25","c(491167.5076","4978072.3565)",TRUE,TRUE,55824,598.741022526781,"0.372041347711969,""55103"""
"187",187,187,8.00118e+11,"80","0118","000","0118-80","Korean Service Center","Korean Service Center",NA,"530 Cedar Ave S, Minneapolis, MN 55454","530 Cedar Ave S, Minneapolis, MN 55454","Public","Head",NA,82,"NO",3.0001e+10,"Minneapolis",27053,"Hennepin",2022-09-19,2022-09-23,NA,NA,"SY2024-25","c(480337.1388","4979342.3151)",TRUE,TRUE,57665,1299.01347612164,"0.807171558602682,""55454"""
"188",188,188,8.00119e+11,"80","0119","000","0119-80","International Institute of MN","International Institute of MN",NA,"1694 Como Ave, Saint Paul, MN 55108","1694 Como Ave, Saint Paul, MN 55108-2710","Public","Head",NA,82,"NO",1.0625e+10,"Saint Paul",27123,"Ramsey",2010-04-27,2022-04-04,NA,NA,"SY2024-25","c(486453.8947","4980412.9936)",FALSE,FALSE,59197,5445.58057660548,"3.38373530553238,""55108"""
"189",189,189,8.0012e+11,"80","0120","000","0120-80","Resource Center of The Americas","Resource Center of The Americas",NA,"3019 Minnehaha Ave, Minneapolis, MN 55406","3019 Minnehaha Ave, Minneapolis, MN 55406","Public","Head",NA,82,"NO",3.0001e+10,"Minneapolis",27053,"Hennepin",2010-04-27,2022-03-15,NA,NA,"SY2024-25","c(481581.6952","4977165.4228)",FALSE,TRUE,59197,3484.09887466559,"2.16492405250947,""55406"""
"190",190,190,8.00121e+11,"80","0121","000","0121-80","Hmong American Partnership","Hmong American Partnership",NA,"1075 Arcade St, Saint Paul, MN 55106","1075 Arcade St, Saint Paul, MN 55106","Public","Head",NA,NA,"NO",1.0625e+10,"Saint Paul",27123,"Ramsey",2010-08-10,2022-03-30,NA,NA,"SY2024-25","c(494779.1516","4980014.2345)",FALSE,TRUE,55824,3859.93018144611,"2.39845538012236,""55106"""
"191",191,191,8.00122e+11,"80","0122","000","0122-80","Minnesota Association of Workforce Boards","Minnesota Association of Workforce Boards",NA,"125 Charles Ave, Saint Paul, MN 55103","125 Charles Ave, Saint Paul, MN 55103-2108","Public","Head",NA,NA,"NO",1.0625e+10,"Saint Paul",27123,"Ramsey",2013-09-03,2022-04-29,NA,"http://mawb-mn.org/","SY2024-25","c(491712.1207","4978312.3358)",TRUE,TRUE,55824,578.116828230195,"0.359226035660702,""55103"""
"192",192,192,8.68004e+11,"86","8004","000","8004-86","Minitex Library Information Network","Minitex Library Information Network","C. Meredith Wilson Library","309 19th Ave S, Minneapolis, MN 55455","309 19th Ave S, Minneapolis, MN 55455","Public","Head",NA,NA,"NO",3.0001e+10,"Minneapolis",27053,"Hennepin",2022-09-19,2023-06-23,NA,"https://minitex.umn.edu/","SY2024-25","c(480774.1324","4979756.0141)",TRUE,TRUE,59197,879.231493404547,"0.54633047920548,""55455"""
"193",193,193,8.88011e+11,"88","8011","000","8011-88","Metronet","Metronet","Metronet","1619 Dayton Ave, Saint Paul, MN 55104","1619 Dayton Ave, Ste 314, Saint Paul, MN 55104","Public","Head",NA,NA,"NO",1.0625e+10,"Saint Paul",27123,"Ramsey",2022-09-19,2022-11-17,NA,"https://metrolibraries.net/","SY2024-25","c(486712.8523","4977174.9086)",FALSE,TRUE,57069,4339.74298629245,"2.69659797574934,""55104"""
"194",194,194,898025070000,"89","8025","070","8025-89-070","St. Francis Branch Library","St. Francis Branch Library","St. Francis","3519 Bridge St NW, Saint Francis, MN 55070","3519 Bridge St NW, Saint Francis, MN 55070","Public","Member",NA,NA,"NO",1.0015e+10,"St. Francis",27003,"Anoka",2022-09-19,2023-06-23,NA,"https://www.anokacountymn.gov/2589/St-Francis-Library","SY2024-25","c(472172.8024","5026049.7632)",FALSE,FALSE,64818,4196.82868070904,"2.60779492258257,""55070"""
"195",195,195,898025080000,"89","8025","080","8025-89-080","Anoka: Rum River","Anoka: Rum River","Rum River","4201 6th Ave NW, Anoka, MN 55303","4201 6th Ave NW, Anoka, MN 55303","Public","Member",NA,NA,"NO",1.0011e+10,"Anoka-Hennepin",27003,"Anoka",2022-09-19,2023-06-23,NA,"https://www.anokacountymn.gov/2695/Rum-River-Library","SY2024-25","c(469976.061","5008528.4835)",FALSE,FALSE,62061,7908.3244351832,"4.91401719660432,""55303"""
"196",196,196,8.9805e+11,"89","8050","000","8050-89","Dakota County Library","Dakota County Library","Dakota County","1340 Wescott Rd, Eagan, MN 55123","1340 Wescott Road, Eagan, MN 55123","Public","Head",NA,NA,"NO",1.0196e+10,"Rosemount-Apple Valley-Eagan",27037,"Dakota",2022-09-19,2023-06-23,NA,"https://www.co.dakota.mn.us/libraries","SY2024-25","c(487077.2608","4962729.6068)",FALSE,FALSE,55133,3787.78737502633,"2.3536278070677,""55123"""
"197",197,197,898050060000,"89","8050","060","8050-89-060","West St. Paul: Wentworth Comm Library","West St. Paul: Wentworth Comm Library","Wentworth","199 Wentworth Av, West St Paul, MN 55118","199 Wentworth Av, West Saint Paul, MN 55118","Public","Member",NA,NA,"NO",1.0197e+10,"West St. Paul-Mendota Hts.-Eagan",27037,"Dakota",2022-09-19,2023-06-23,NA,"https://www.co.dakota.mn.us/libraries/HoursLocations/Wentworth/Pages/default.aspx","SY2024-25","c(493950.25","4971669.5507)",FALSE,TRUE,63178,4210.27499895086,"2.61615009814636,""55118"""
"198",198,198,898072010000,"89","8072","010","8072-89-010","Minneapolis Central Library","Minneapolis Central Library","Central","300 Nicollet Mall, Minneapolis, MN 55401","300 Nicollet Mall, Minneapolis, MN 55401","Public","Member",NA,NA,"NO",3.0001e+10,"Minneapolis",27053,"Hennepin",2022-09-19,2024-05-30,NA,"https://www.hclib.org/about/locations/minneapolis-central","SY2024-25","c(478700.7801","4980831.4867)",TRUE,FALSE,10013,860.332883737312,"0.534587398397673,""55401"""
"199",199,199,898072020000,"89","8072","020","8072-89-020","Franklin Library","Franklin Library","Franklin","1314 E Franklin Ave, Minneapolis, MN 55404","1314 E Franklin Ave, Minneapolis, MN 55404","Public","Member",NA,NA,"NO",3.0001e+10,"Minneapolis",27053,"Hennepin",2022-09-19,2023-06-23,NA,"https://www.hclib.org/about/locations/franklin","SY2024-25","c(479821.8543","4978865.2436)",FALSE,TRUE,57665,1882.81950690881,"1.16993270962557,""55404"""
"200",200,200,898072030000,"89","8072","030","8072-89-030","Hosmer Library","Hosmer Library","Hosmer","347 E 36th St, Minneapolis, MN 55408","347 E 36th St, Minneapolis, MN 55408","Public","Member",NA,NA,"NO",3.0001e+10,"Minneapolis",27053,"Hennepin",2022-09-19,2023-06-23,NA,"https://www.hclib.org/about/locations/hosmer","SY2024-25","c(478653.5849","4976047.9679)",FALSE,TRUE,57665,4931.54503588394,"3.06432763485897,""55408"""
"201",201,201,898072040000,"89","8072","040","8072-89-040","Augsburg Park Library","Augsburg Park Library","Augsburg Park","7100 Nicollet Ave S, Richfield, MN 55423","7100 Nicollet Avenue South, Richfield, MN 55423","Public","Member",NA,NA,"NO",1.028e+10,"Richfield",27053,"Hennepin",2022-09-19,2023-06-23,NA,"https://www.hclib.org/about/locations/augsburg-park","SY2024-25","c(477978.7109","4968988.5785)",FALSE,FALSE,59709,5474.64006499995,"3.4017920793617,""55423"""
"202",202,202,898072050000,"89","8072","050","8072-89-050","Linden Hills Library","Linden Hills Library","Linden Hills","2900 W 43rd Street, Minneapolis, MN 55410","2900 W 43rd Street, Minneapolis, MN 55410","Public","Member",NA,NA,"NO",3.0001e+10,"Minneapolis",27053,"Hennepin",2022-09-19,2023-06-23,NA,"https://www.hclib.org/about/locations/linden-hills","SY2024-25","c(475025.035","4974671.0592)",FALSE,FALSE,10013,7071.11393846434,"4.39379741910618,""55410"""
"203",203,203,898072070000,"89","8072","070","8072-89-070","North Regional Library","North Regional Library","North Regional","1315 Lowry Avenue N, Minneapolis, MN 55411","1315 Lowry Avenue N, Minneapolis, MN 55411","Public","Member",NA,NA,"NO",3.0001e+10,"Minneapolis",27053,"Hennepin",2022-09-19,2023-06-23,NA,"https://www.hclib.org/about/locations/north-regional","SY2024-25","c(476658.8079","4984430.9907)",FALSE,TRUE,1927,1839.59160210483,"1.14307206811788,""55411"""
"204",204,204,898072080000,"89","8072","080","8072-89-080","Northeast Library","Northeast Library","Northeast","2200 Central Ave NE, Minneapolis, MN 55418","2200 Central Av NE, Minneapolis, MN 55418","Public","Member",NA,NA,"NO",3.0001e+10,"Minneapolis",27053,"Hennepin",2022-09-19,2023-06-23,NA,"https://www.hclib.org/about/locations/northeast","SY2024-25","c(480482.7857","4984112.9928)",FALSE,TRUE,1927,2448.92489511286,"1.52169516392612,""55418"""
"205",205,205,898072100000,"89","8072","100","8072-89-100","Pierre Bottineau Library","Pierre Bottineau Library","Pierre Bottineau","55 Broadway St NE, Minneapolis, MN 55413","55 Broadway St. NE, Minneapolis, MN 55413","Public","Member",NA,NA,"NO",3.0001e+10,"Minneapolis",27053,"Hennepin",2022-09-19,2023-06-23,NA,"https://www.hclib.org/about/locations/pierre-bottineau","SY2024-25","c(478720.3174","4982889.4287)",FALSE,FALSE,10013,1940.15370786012,"1.20555861897432,""55413"""
"206",206,206,898072110000,"89","8072","110","8072-89-110","Roosevelt Library","Roosevelt Library","Roosevelt","4026 28th Ave S, Minneapolis, MN 55406","4026 28th Avenue S, Minneapolis, MN 55406","Public","Member",NA,NA,"NO",3.0001e+10,"Minneapolis",27053,"Hennepin",2022-09-19,2023-06-23,NA,"https://www.hclib.org/about/locations/roosevelt","SY2024-25","c(481659.0733","4975156.3967)",FALSE,FALSE,57069,3035.11114811837,"1.88593532014265,""55406"""
"207",207,207,898072120000,"89","8072","120","8072-89-120","Arvonne Fraser Library","Arvonne Fraser Library","Arvonne Fraser","1222 4th St SE, Minneapolis, MN 55414","1222 4th Street SE, Minneapolis, MN 55414","Public","Member",NA,NA,"NO",3.0001e+10,"Minneapolis",27053,"Hennepin",2022-09-19,2023-06-23,NA,"https://www.hclib.org/about/locations/arvonne-fraser","SY2024-25","c(481261.6052","4980868.7728)",TRUE,TRUE,59197,365.18658939982,"0.226916990443176,""55414"""
"208",208,208,898072130000,"89","8072","130","8072-89-130","Sumner Library","Sumner Library","Sumner","611 Van White Memorial Blvd, Minneapolis, MN 55411","611 Van White Memorial Blvd., Minneapolis, MN 55411","Public","Member",NA,NA,"NO",3.0001e+10,"Minneapolis",27053,"Hennepin",2022-09-19,2023-06-23,NA,"https://www.hclib.org/about/locations/sumner","SY2024-25","c(476773.3669","4981306.4237)",TRUE,TRUE,10013,1135.07681139301,"0.705305784603011,""55411"""
"209",209,209,898072150000,"89","8072","150","8072-89-150","Walker Library","Walker Library","Walker","2880 Hennepin Ave, Minneapolis, MN 55408","2880 Hennepin Ave, Minneapolis, MN 55408","Public","Member",NA,NA,"NO",3.0001e+10,"Minneapolis",27053,"Hennepin",2022-09-19,2023-06-23,NA,"https://www.hclib.org/about/locations/walker","SY2024-25","c(476448.6568","4977394.1979)",FALSE,FALSE,10013,4009.32375284806,"2.49128447242227,""55408"""
"210",210,210,898072160000,"89","8072","160","8072-89-160","Washburn Library","Washburn Library","Washburn","5244 Lyndale Avenue S, Minneapolis, MN 55419","5244 Lyndale Avenue S, Minneapolis, MN 55419","Public","Member",NA,NA,"NO",3.0001e+10,"Minneapolis",27053,"Hennepin",2022-09-19,2023-06-23,NA,"https://www.hclib.org/about/locations/washburn","SY2024-25","c(477219.2338","4972699.6344)",FALSE,FALSE,59709,6908.73898432043,"4.29290204948639,""55419"""
"211",211,211,898072170000,"89","8072","170","8072-89-170","Webber Park Library","Webber Park Library","Webber Park","4440 Humboldt Ave N, Minneapolis, MN 55412","4440 Humboldt Ave N, Minneapolis, MN 55412","Public","Member",NA,NA,"NO",3.0001e+10,"Minneapolis",27053,"Hennepin",2022-09-19,2023-06-23,NA,"https://www.hclib.org/about/locations/webber-park","SY2024-25","c(476464.5092","4987041.7474)",FALSE,TRUE,1927,2577.40569415196,"1.601529629632,""55412"""
"212",212,212,898072190000,"89","8072","190","8072-89-190","Eden Prairie Library","Eden Prairie Library","Eden Prairie","565 Prairie Center Dr, Eden Prairie, MN 55344","565 Prairie Center Drive, Eden Prairie, MN 55344","Public","Member",NA,NA,"NO",1.0272e+10,"Eden Prairie",27053,"Hennepin",2022-09-19,2023-06-23,NA,"https://www.hclib.org/about/locations/eden-prairie","SY2024-25","c(466162.3273","4966441.3559)",FALSE,FALSE,60632,6017.59709899103,"3.739170777456,""55344"""
"213",213,213,898072210000,"89","8072","210","8072-89-210","Excelsior Library","Excelsior Library","Excelsior","337 Water St, Excelsior, MN 55331","337 Water St., Excelsior, MN 55331","Public","Member",NA,NA,"NO",1.0276e+10,"Minnetonka",27053,"Hennepin",2022-09-19,2023-06-23,NA,"https://www.hclib.org/about/locations/excelsior","SY2024-25","c(455187.854","4972178.6366)",FALSE,FALSE,7844,11866.1081060001,"7.37327606720773,""55331"""
"214",214,214,898072220000,"89","8072","220","8072-89-220","Golden Valley Library","Golden Valley Library","Golden Valley","830 Winnetka Ave N, Golden Valley, MN 55427","830 Winnetka Avenue North, Golden Valley, MN 55427","Public","Member",NA,NA,"NO",1.0281e+10,"Robbinsdale",27053,"Hennepin",2022-09-19,2023-06-23,NA,"https://www.hclib.org/about/locations/golden-valley","SY2024-25","c(470071.5864","4981720.5586)",FALSE,FALSE,10013,7845.60077420558,"4.87504242372996,""55427"""
"215",215,215,898072230000,"89","8072","230","8072-89-230","Hopkins Library","Hopkins Library","Hopkins","22 11th Ave N, Hopkins, MN 55343","22 11th Avenue North, Hopkins, MN 55343","Public","Member",NA,NA,"NO",1.027e+10,"Hopkins",27053,"Hennepin",2022-09-19,2023-06-23,NA,"https://www.hclib.org/about/locations/hopkins","SY2024-25","c(467314.1314","4974755.2145)",FALSE,FALSE,10013,12354.7993365776,"7.67693547452844,""55343"""
"216",216,216,898072240000,"89","8072","240","8072-89-240","Long Lake Library","Long Lake Library","Long Lake","1865 Wayzata Blvd W, Long Lake, MN 55356","1865 Wayzata Blvd West, Long Lake, MN 55356","Public","Member",NA,NA,"NO",1.0278e+10,"Orono",27053,"Hennepin",2022-09-19,2023-06-23,NA,"https://www.hclib.org/about/locations/long-lake","SY2024-25","c(454939.1908","4981516.7522)",FALSE,FALSE,61453,10889.0100396654,"6.7661339677541,""55356"""
"217",217,217,898072250000,"89","8072","250","8072-89-250","Maple Grove Library","Maple Grove Library","Maple Grove","8001 Main St N, Maple Grove, MN 55369","8001 Main St. N., Maple Grove, MN 55369","Public","Member",NA,NA,"NO",1.0279e+10,"Osseo",27053,"Hennepin",2022-09-19,2023-06-23,NA,"https://www.hclib.org/about/locations/maple-grove","SY2024-25","c(465270.216","4994383.2896)",FALSE,FALSE,62061,15094.2599708793,"9.37916162580891,""55369"""
"218",218,218,898072260000,"89","8072","260","8072-89-260","Maple Plain Library","Maple Plain Library","Maple Plain","5184 Main St E, Maple Plain, MN 55359","5184 Main Street East, Maple Plain, MN 55359","Public","Member",NA,NA,"NO",1.0278e+10,"Orono",27053,"Hennepin",2022-09-19,2023-06-23,NA,"https://www.hclib.org/about/locations/maple-plain","SY2024-25","c(448347.0321","4984015.28)",FALSE,FALSE,61453,6932.4367908795,"4.3076272204006,""55359"""
"219",219,219,898072280000,"89","8072","280","8072-89-280","Osseo Library","Osseo Library","Osseo","415 Central Ave, Osseo, MN 55369","415 Central Avenue, Osseo, MN 55369","Public","Member",NA,NA,"NO",1.0279e+10,"Osseo",27053,"Hennepin",2022-09-19,2023-06-23,NA,"https://www.hclib.org/about/locations/osseo","SY2024-25","c(468347.6388","4996446.6622)",FALSE,FALSE,62061,14150.5160141475,"8.79274486071777,""55369"""
"220",220,220,898072300000,"89","8072","300","8072-89-300","Penn Lake Library","Penn Lake Library","Penn Lake","8800 Penn Ave S, Bloomington, MN 55431","8800 Penn Avenue South, Bloomington, MN 55431","Public","Member",NA,NA,"NO",1.0271e+10,"Bloomington",27053,"Hennepin",2022-09-19,2023-06-23,NA,"https://www.hclib.org/about/locations/penn-lake","SY2024-25","c(475550.7486","4965670.4539)",FALSE,FALSE,1904,5964.62704782237,"3.70625663180084,""55431"""
"221",221,221,898072330000,"89","8072","330","8072-89-330","Rockford Road Library","Rockford Road Library","Rockford Road","6401 42nd Ave N, Crystal, MN 55427","6401 42nd Avenue North, Crystal, MN 55427","Public","Member",NA,NA,"NO",1.0281e+10,"Robbinsdale",27053,"Hennepin",2022-09-19,2023-06-23,NA,"https://www.hclib.org/about/locations/rockford-road","SY2024-25","c(471494.388","4986596.8896)",FALSE,FALSE,1927,6948.72770137607,"4.31774994803837,""55427"""
"222",222,222,898072350000,"89","8072","350","8072-89-350","St. Anthony Library","St. Anthony Library","St. Anthony","2941 Pentagon Dr NE, Saint Anthony, MN 55418","2941 Pentagon Drive NE, Saint Anthony, MN 55418","Public","Member",NA,NA,"NO",1.0282e+10,"St. Anthony-New Brighton",27053,"Hennepin",2022-09-19,2023-06-23,NA,"https://www.hclib.org/about/locations/st-anthony","SY2024-25","c(482747.6255","4984752.2269)",FALSE,FALSE,1927,4464.79527167602,"2.77430205654245,""55418"""
"223",223,223,898072360000,"89","8072","360","8072-89-360","St. Bonifacius Library","St. Bonifacius Library","St. Bonifacius","8624 Kennedy Memorial Dr, Saint Bonifacius, MN 55375","8624 Kennedy Memorial Drive, Saint Bonifacius, MN 55375","Public","Member",NA,NA,"NO",1.011e+10,"Waconia",27053,"Hennepin",2022-09-19,2023-06-23,NA,"https://www.hclib.org/about/locations/st-bonifacius","SY2024-25","c(441310.1054","4972568.0085)",FALSE,FALSE,6824,6107.50493627927,"3.79503705635805,""55375"""
"224",224,224,898072370000,"89","8072","370","8072-89-370","St. Louis Park Library","St. Louis Park Library","St. Louis Park","3240 Library Ln, Saint Louis Park, MN 55426","3240 Library Lane, Saint Louis Park, MN 55426","Public","Member",NA,NA,"NO",1.0283e+10,"St. Louis Park",27053,"Hennepin",2022-09-19,2023-06-23,NA,"https://www.hclib.org/about/locations/st-louis-park","SY2024-25","c(470886.8883","4976769.6668)",FALSE,FALSE,10013,8255.85576104226,"5.1299636876249,""55426"""
"225",225,225,898072390000,"89","8072","390","8072-89-390","Wayzata Library","Wayzata Library","Wayzata","620 Rice St E, Wayzata, MN 55391","620 Rice Street, Wayzata, MN 55391","Public","Member",NA,NA,"NO",1.0284e+10,"Wayzata",27053,"Hennepin",2022-09-19,2023-06-23,NA,"https://www.hclib.org/about/locations/wayzata","SY2024-25","c(459679.9378","4979861.6986)",FALSE,FALSE,61453,15085.8095224419,"9.37391074753743,""55391"""
"226",226,226,898072400000,"89","8072","400","8072-89-400","Westonka Library","Westonka Library","Westonka","2079 Commerce Blvd, Mound, MN 55364","2079 Commerce Boulevard, Mound, MN 55364","Public","Member",NA,NA,"NO",1.0277e+10,"Westonka",27053,"Hennepin",2022-09-19,2023-06-23,NA,"https://www.hclib.org/about/locations/westonka","SY2024-25","c(447395.1087","4976573.399)",FALSE,FALSE,60958,12781.5620533637,"7.94211419175794,""55364"""
"227",227,227,898072410000,"89","8072","410","8072-89-410","East Lake Library","East Lake Library","East Lake","2727 E Lake St, Minneapolis, MN 55406","2727 E Lake Street, Minneapolis, MN 55406","Public","Member",NA,NA,"NO",3.0001e+10,"Minneapolis",27053,"Hennepin",2022-09-19,2023-06-23,NA,"https://www.hclib.org/about/locations/east-lake","SY2024-25","c(481703.2395","4977217.4901)",FALSE,TRUE,59197,3455.00846524578,"2.14684806519802,""55406"""
"228",228,228,8.98116e+11,"89","8116","000","8116-89","Ramsey County Library","Ramsey County Library","Ramsey County","4560 N Victoria St, Shoreview, MN 55126","4560 N Victoria St, Shoreview, MN 55126","Public","Head",NA,NA,"NO",1.0621e+10,"Mounds View",27123,"Ramsey",2022-09-19,2024-06-18,NA,"https://www.rclreads.org/","SY2024-25","c(489403.1917","4991821.4943)",FALSE,FALSE,1927,12897.6115844014,"8.01422420644577,""55126"""
"229",229,229,898116010000,"89","8116","010","8116-89-010","New Brighton Library","New Brighton Library","New Brighton","400 10th St NW, New Brighton, MN 55112","400 10th Street NW, New Brighton, MN 55112","Public","Member",NA,NA,"NO",1.0621e+10,"Mounds View",27123,"Ramsey",2022-09-19,2023-06-23,NA,"http://www.ramsey.lib.mn.us","SY2024-25","c(484982.0815","4990312.9009)",FALSE,TRUE,1927,8380.32212563749,"5.20730369321429,""55112"""
"230",230,230,898116020000,"89","8116","020","8116-89-020","Maplewood Library","Maplewood Library","Maplewood","3025 Southlawn Dr, Maplewood, MN 55109","3025 Southlawn Dr, Maplewood, MN 55109","Public","Member",NA,NA,"NO",1.0622e+10,"North St. Paul-Maplewood Oakdale",27123,"Ramsey",2022-09-19,2023-06-23,NA,"http://www.ramsey.lib.mn.us","SY2024-25","c(497916.249","4986547.0897)",FALSE,TRUE,55824,10804.2787359524,"6.71348424568608,""55109"""
"231",231,231,898116030000,"89","8116","030","8116-89-030","Mounds View Library","Mounds View Library","Mounds View","2576 County Road 10, Mounds View, MN 55112","2576 County Road 10, Mounds View, MN 55112","Public","Member",NA,NA,"NO",1.0621e+10,"Mounds View",27123,"Ramsey",2022-09-19,2023-06-23,NA,"http://www.ramsey.lib.mn.us","SY2024-25","c(483446.9968","4994662.5346)",FALSE,TRUE,1927,10729.9017144322,"6.66726839228018,""55112"""
"232",232,232,898116040000,"89","8116","040","8116-89-040","North St Paul Library","North St Paul Library","North St. Paul","2290 N 1st St, North St Paul, MN 55109","2290 N 1st St, North Saint Paul, MN 55109","Public","Member",NA,NA,"NO",1.0622e+10,"North St. Paul-Maplewood Oakdale",27123,"Ramsey",2022-09-19,2023-06-23,NA,"http://www.ramsey.lib.mn.us","SY2024-25","c(500228.4964","4984140.9263)",FALSE,FALSE,55824,10695.1423872531,"6.64566989402681,""55109"""
"233",233,233,898116050000,"89","8116","050","8116-89-050","Roseville Library","Roseville Library","Roseville","2180 N Hamline Ave, Roseville, MN 55113","2180 North Hamline Avenue, Roseville, MN 55113","Public","Member",NA,NA,"NO",1.0623e+10,"Roseville",27123,"Ramsey",2022-09-19,2023-06-23,NA,"http://www.ramsey.lib.mn.us","SY2024-25","c(487714.26","4983786.7107)",FALSE,FALSE,55824,7224.97972642328,"4.48940542484701,""55113"""
"234",234,234,898116070000,"89","8116","070","8116-89-070","White Bear Lake Library","White Bear Lake Library","White Bear Lake","2150 2nd St, White Bear Lake, MN 55110","2150 2nd St, White Bear Lake, MN 55110","Public","Member",NA,NA,"NO",1.0624e+10,"White Bear Lake",27123,"Ramsey",2022-09-19,2023-06-23,NA,"http://www.ramsey.lib.mn.us","SY2024-25","c(499251.8403","4992172.9781)",FALSE,FALSE,63576,12575.5118799111,"7.81408023159251,""55110"""
"235",235,235,8.98122e+11,"89","8122","000","8122-89","Saint Paul Public Library","Saint Paul Public Library","St. Paul","90 W 4th St, Saint Paul, MN 55102","90 West Fourth Street, Saint Paul, MN 55102","Public","Head",NA,NA,"NO",1.0625e+10,"Saint Paul",27123,"Ramsey",2022-09-19,2023-06-23,NA,"https://sppl.org/","SY2024-25","c(492338.9062","4976715.3532)",TRUE,FALSE,56643,113.261796793712,"0.0703777926315829,""55102"""
"236",236,236,898122010000,"89","8122","010","8122-89-010","Arlington Hills Branch Library","Arlington Hills Branch Library","Arlington Hills","1200 Payne Ave, Saint Paul, MN 55130","1200 Payne Ave, Saint Paul, MN 55130","Public","Member",NA,NA,"NO",1.0625e+10,"Saint Paul",27123,"Ramsey",2022-09-19,2023-12-18,NA,"https://sppl.org/","SY2024-25","c(494245.6708","4980414.3162)",FALSE,TRUE,55824,3720.44096029691,"2.31178058104373,""55130"""
"237",237,237,898122020000,"89","8122","020","8122-89-020","Hamline Midway Branch Library","Hamline Midway Branch Library","Hamline-Midway","1558 W Minnehaha Ave, Saint Paul, MN 55104","1558 West Minnehaha Avenue, Saint Paul, MN 55104","Public","Member",NA,NA,"NO",1.0625e+10,"Saint Paul",27123,"Ramsey",2022-09-19,2023-06-23,NA,"https://sppl.org/","SY2024-25","c(486894.8866","4978812.1762)",FALSE,TRUE,55824,4888.03264140596,"3.037290219224,""55104"""
"238",238,238,898122030000,"89","8122","030","8122-89-030","Hayden Heights Branch Library","Hayden Heights Branch Library","Hayden Heights","1456 White Bear Ave, Saint Paul, MN 55106","1456 White Bear Avenue, Saint Paul, MN 55106","Public","Member",NA,NA,"NO",1.0625e+10,"Saint Paul",27123,"Ramsey",2022-09-19,2023-06-23,NA,"https://sppl.org/","SY2024-25","c(498032.32","4981314.1655)",FALSE,TRUE,55824,7305.38879878945,"4.53936943019464,""55106"""
"239",239,239,898122040000,"89","8122","040","8122-89-040","Highland Branch Library","Highland Branch Library","Highland Park","1974 Ford Parkway, Saint Paul, MN 55116","1974 Ford Parkway, Saint Paul, MN 55116","Public","Member",NA,NA,"NO",1.0625e+10,"Saint Paul",27123,"Ramsey",2022-09-19,2023-06-23,NA,"https://sppl.org/","SY2024-25","c(485559.6822","4973817.5944)",TRUE,FALSE,57069,1317.61167546887,"0.818727972627832,""55116"""
"240",240,240,898122050000,"89","8122","050","8122-89-050","Merriam Park Branch Library","Merriam Park Branch Library","Merriam Park","1831 Marshall Ave, Saint Paul, MN 55104","1831 Marshall Avenue, Saint Paul, MN 55104","Public","Member",NA,NA,"NO",1.0625e+10,"Saint Paul",27123,"Ramsey",2022-09-19,2023-06-23,NA,"https://sppl.org/","SY2024-25","c(485983.9757","4977265.1112)",FALSE,TRUE,57069,4055.22298933469,"2.51980500660811,""55104"""
"241",241,241,898122060000,"89","8122","060","8122-89-060","Rice Street Branch Library","Rice Street Branch Library","Rice Street","1011 Rice St, Saint Paul, MN 55117","1011 Rice Street, Saint Paul, MN 55117","Public","Member",NA,NA,"NO",1.0625e+10,"Saint Paul",27123,"Ramsey",2022-09-19,2023-06-23,NA,"https://sppl.org/","SY2024-25","c(491627.0131","4979811.8975)",FALSE,TRUE,55824,2075.90483140558,"1.28991066611504,""55117"""
"242",242,242,898122070000,"89","8122","070","8122-89-070","Riverview Branch Library","Riverview Branch Library","Riverview","1 E George St, Saint Paul, MN 55107","1 East George Street, Saint Paul, MN 55107","Public","Member",NA,NA,"NO",1.0625e+10,"Saint Paul",27123,"Ramsey",2022-09-19,2023-06-23,NA,"https://sppl.org/","SY2024-25","c(493308.8453","4975165.7237)",FALSE,TRUE,56643,1716.58399416098,"1.06663849414107,""55107"""
"243",243,243,898122080000,"89","8122","080","8122-89-080","St. Anthony Park Branch Library","St. Anthony Park Branch Library","St. Anthony Park","2245 Como Ave, Saint Paul, MN 55108","2245 Como Avenue, Saint Paul, MN 55108","Public","Member",NA,NA,"NO",1.0625e+10,"Saint Paul",27123,"Ramsey",2022-09-19,2023-06-23,NA,"https://sppl.org/","SY2024-25","c(484734.9573","4980858.9763)",FALSE,FALSE,59197,3732.16094936028,"2.31906306272154,""55108"""
"244",244,244,898122090000,"89","8122","090","8122-89-090","Sun Ray Branch Library","Sun Ray Branch Library","Sun Ray","2105 Wilson Ave, Saint Paul, MN 55119","2105 Wilson Avenue, Saint Paul, MN 55119","Public","Member",NA,NA,"NO",1.0625e+10,"Saint Paul",27123,"Ramsey",2022-09-19,2023-06-23,NA,"https://sppl.org/","SY2024-25","c(499065.5076","4977873.7972)",FALSE,TRUE,56643,6801.7075903345,"4.22639565929791,""55119"""
"245",245,245,898122100000,"89","8122","100","8122-89-100","Dayton's Bluff Branch Library","Dayton's Bluff Branch Library","Dayton's Bluff","645 E 7th St, Saint Paul, MN 55106","645 East 7th Street, Saint Paul, MN 55106","Public","Member",NA,NA,"NO",1.0625e+10,"Saint Paul",27123,"Ramsey",2022-09-19,2023-06-23,NA,"https://sppl.org/","SY2024-25","c(494066.8203","4978261.7293)",FALSE,TRUE,56643,2358.86835618232,"1.46573648587764,""55106"""
"246",246,246,898122110000,"89","8122","110","8122-89-110","West 7th Street Popular Library","West 7th Street Popular Library","West Seventh","265 Oneida St, Saint Paul, MN 55102","265 Oneida Street, Saint Paul, MN 55102","Public","Member",NA,NA,"NO",1.0625e+10,"Saint Paul",27123,"Ramsey",2022-09-19,2023-06-23,NA,"https://sppl.org/","SY2024-25","c(490246.4231","4975511.6918)",TRUE,FALSE,1912,955.711535110514,"0.593853092019408,""55102"""
"247",247,247,898122120000,"89","8122","120","8122-89-120","Rondo Community Outreach Library","Rondo Community Library","Rondo","461 N Dale St, Saint Paul, MN 55103","461 North Dale Street, Saint Paul, MN 55103","Public","Member",NA,NA,"NO",1.0625e+10,"Saint Paul",27123,"Ramsey",2022-09-19,2023-06-23,NA,"https://sppl.org/","SY2024-25","c(490017.8137","4977979.9416)",FALSE,TRUE,55824,1663.17623839548,"1.03345237078273,""55103"""
"248",248,248,898144020000,"89","8144","020","8144-89-020","Oakdale Branch","Oakdale Branch","Oakdale","1010 Heron Ave N, Oakdale, MN 55128","1010 Heron Avenue N, Oakdale, MN 55128","Public","Member",NA,NA,"NO",1.0622e+10,"North St. Paul-Maplewood Oakdale",27163,"Washington",2022-09-19,2022-11-17,NA,"https://www.washcolib.org/446/Oakdale-Library","SY2024-25","c(504041.9401","4978957.7662)",FALSE,FALSE,66977,7563.97466358523,"4.70004763666176,""55128"""
"249",249,249,898144060000,"89","8144","060","8144-89-060","Wildwood Branch","Wildwood Branch","Wildwood","763 Stillwater Rd, Mahtomedi, MN 55115","763 Stillwater Road, Mahtomedi, MN 55115","Public","Member",NA,NA,"NO",1.0832e+10,"Mahtomedi",27163,"Washington",2022-09-19,2022-11-17,NA,"https://www.washcolib.org/450/Wildwood-Library","SY2024-25","c(503855.3496","4989262.4656)",FALSE,FALSE,1915,13903.0405683708,"8.63897036572182,""55115"""
